Year,Material
2,Stone
16,Ink and pi
2,Phyllite
3,Faience wi
4,Bronze
8,Sandstone 
9,Basalt
11,High-fired
13,Fritware w
13,Fritware w
16,Ink and pi
16,Tempera on
17,Fritware w
7,Brass with
7,Hammered a
10,Ceramic wi
1,Bronze//wo
3,Pen and br
5,Gold
5,Bronze
7,Ivory
10,Gold
10,Gold
10,Ivory
10,Mosaic
11,Ivory
14,Stoneware 
14,Bronze
14,Leaded bro
15,Leaded bro
16,Gilt on wo
17,Gold and s
11,Parchment 
13,Wood (sand
13,Ivory with
13,Marble
13,Tempera on
15,Bronze//bl
15,Engraving
15,Bronze
15,Hand-color
15,Metalpoint
16,Pen and br
16,Pen and br
16,Engraving
16,Partially 
16,Pen and br
16,Pen and br
16,Engraving 
16,Bronze//li
16,Bronze
17,Pen and br
17,Red chalk 
17,Engraving 
17,Red chalk 
17,Bronze
17,Oil on can
17,Marble
17,Black chal
17,Etching an
18,Ivory set 
18,Wool pile
18,Iron and g
18,Black
18,Pen and br
18,Pen and br
18,Pen and br
18,Pen and br
18,Bronze
18,Pen and br
18,Pen and br
18,Red chalk 
18,Oil on woo
18,Etching
18,Red-brown 
18,Oil on can
18,Pen and br
18,Bronze//me
18,Pen and br
19,Etching wi
19,Bronze
19,Pen and br
19,Etching on
19,Pen and br
19,Oil on can
19,Black chal
19,Oil on fab
19,Lithograph
27,Marble
50,Painted ca
130,Marble
161,Marble
200,Slip-paint
300,Earthenwar
375,Terracotta
460,Terracotta
500,Unslipped 
600,Ceramic
650,Ivory
675,Bronze
700,Andesite
883,Alabaster
900,Jadeite wi
900,Silver
1000,Bronze
1000,Bronze
1025,Ink
1070,Wool embro
1100,Basalt
1110,Sandstone
1130,Ink and pi
1140,Limestone
1150,Champlev√© 
1239,Tempera an
1240,Gilded cop
1246,Brass with
1250,Ink and pi
1250,Ink and pi
1250,Ink and pi
1250,Ink and pi
1250,Ink and pi
1250,Ink and pi
1250,Neutral gr
1250,Tempera on
1250,Carved lim
1260,Glass with
1262,Ink
1262,Ink
1262,Ink
1262,Ink
1262,Parchment 
1270,Tempera an
1270,Tempera on
1290,Brass with
1300,Basalt
1308,Tempera on
1308,Tempera on
1320,Tempera on
1320,Miniature 
1324,Tempera on
1325,Pen and bl
1330,Ivory with
1330,Tempera on
1335,Tempera on
1342,Gold with 
1347,Gilded sil
1350,Tempera an
1350,Tempera on
1369,Pen and br
1380,Ink
1385,Tempera on
1390,Oil on can
1390,Miniature 
1390,Silver
1392,Carved woo
1392,Album leaf
1392,Wheel-thro
1392,Hanging sc
1400,Unfired cl
1400,Oil and te
1400,Tempera on
1400,Tempera on
1400,Tempera on
1400,Miniature 
1400,Pen and br
1410,Oil and go
1410,Oil on pan
1411,Manuscript
1411,Manuscript
1411,Manuscript
1411,Manuscript
1411,Manuscript
1415,Tempera on
1420,Painted en
1420,Pen and in
1420,Pen and in
1420,Pen and in
1420,Pen and in
1423,Marble
1425,Gilt Bronz
1425,Tempera an
1425,Painted an
1425,Woodcut
1426,Fresco
1426,Tempera an
1428,Bronze
1429,Tempera on
1430,Tempera an
1430,Tempera on
1430,Tempera (?
1430,Tempera (?
1430,Tempera on
1430,Tempera on
1430,Tempera on
1430,Tempera on
1432,Oil on pan
1433,Oil on oak
1434,Oil on woo
1435,Oil on pan
1435,Tempera on
1440,Woodcut
1440,Bronze
1440,Woodcut
1440,Woodcut
1440,Painted an
1440,Woodcut
1440,Engraving
1440,Pen and br
1442,Pen and br
1444,Bronze
1444,Bronze
1445,Lead
1445,Tempera on
1445,Tempera on
1445,Bronze
1445,Tempera on
1445,Tempera on
1446,Bronze
1446,Bronze
1446,Bronze
1446,Bronze
1446,Bronze
1446,Bronze
1447,Lead
1447,Lead
1449,Bronze//la
1449,Woodcut
1450,Tempera on
1450,Alabaster
1450,Tempera on
1450,Woodcut
1450,Woodcut
1450,Bronze
1450,Woodcut
1450,Engraving 
1450,Woodcut in
1450,Woodcut
1450,Woodcut
1450,Oil on pan
1450,Woodcut in
1450,Woodcut
1450,Woodcut
1450,Tempera on
1450,Engraving
1450,Engraving
1450,Alabaster 
1450,Woodcut
1454,Bronze//la
1455,Engraving
1458,Bronze
1460,Woodcut
1460,Woodcut
1460,Woodcut
1460,Tempera an
1460,Woodcut
1460,Tempera on
1460,Woodcut
1460,Woodcut
1460,Woodcut
1460,Metalcut
1460,Metalcut
1460,Metalcut
1460,Woodcut
1460,Woodcut
1460,Metalcut
1460,Woodcut
1460,Pen and in
1460,Engraving
1460,Woodcut
1460,Woodcut
1460,Engraving
1460,Woodcut
1460,Engraving
1460,Hand-color
1460,Metalcut
1460,Woodcut
1460,Metalcut
1460,Woodcut
1461,Tempera (?
1461,Marble
1465,Oil on pan
1465,Engraving
1465,Woodcut (b
1465,Engraving
1465,Bronze
1465,Engraving 
1465,Tempera (?
1465,Engraving 
1465,Engraving
1465,Engraving 
1465,Engraving 
1465,Engraving 
1465,Engraving
1465,Engraving 
1465,Engraving 
1465,Woodcut
1465,Engraving 
1465,Engraving 
1465,Engraving 
1465,Engraving 
1465,Engraving 
1465,Engraving
1465,Engraving 
1465,Engraving 
1465,Engraving 
1465,Engraving 
1465,Engraving
1465,Engraving
1465,Woodcut (b
1465,Bronze//la
1465,Engraving 
1465,Engraving 
1466,Woodcut in
1466,Bronze
1466,Engraving
1468,Tempera on
1470,Oil on pan
1470,Fritware
1470,Woodcut
1470,Metalcut
1470,Engraving
1470,Metalcut
1470,Tempera on
1470,Woodcut
1470,Oil on pan
1470,Tempera on
1470,Engraving 
1470,Engraving
1470,Metalcut
1470,Oil on pan
1470,Engraving
1470,Engraving 
1470,Woodcut in
1470,Miniature 
1470,Metalcut
1470,Metalcut
1470,Marble
1470,Engraving 
1470,Woodcut in
1470,Engraving
1470,Engraving
1470,Woodcut
1470,Engraving 
1470,Engraving
1470,Woodcut
1470,Woodcut
1470,Oil on pan
1470,Metalcut
1470,Woodcut
1470,Woodcut
1470,Engraving
1470,Engraving
1470,Woodcut in
1470,Pen and in
1470,Engraving
1470,Woodcut
1470,Hand color
1470,Engraving 
1470,Metalcut
1470,Woodcut
1470,Pen and in
1470,Engraving
1470,Oil on pan
1470,Engraving
1470,Niello pri
1470,Engraving
1472,Brass//wit
1474,Oil on pan
1474,Tempera on
1474,Tempera on
1475,Oil on pan
1475,Engraving
1475,Marble
1475,Oil on pan
1475,Engraving
1475,Engraving 
1475,Woodcut
1475,Pen and br
1475,Tempera on
1475,Hand-color
1475,Engraving
1475,Bronze
1475,Woodcut
1475,Marble
1475,Engraving
1475,Tempera an
1475,Bronze//me
1475,Drypoint
1475,Woodcut
1475,Woodcut
1475,Woodcut
1475,Engraving
1475,Woodcut in
1475,Engraving
1475,Oil and te
1475,Tempera on
1475,Engraving
1475,Engraving
1475,Engraving
1475,Bronze
1475,Hand-color
1475,Terracotta
1475,Engraving
1475,Marble
1475,Bronze
1475,Glazed ter
1475,Engraving
1475,Terracotta
1475,Oil on pan
1477,Oil on woo
1477,Bronze
1478,Tempera an
1478,Tempera on
1479,Hand-color
1480,Ink and pa
1480,Steel
1480,Oil and te
1480,Ink and pa
1480,Engraving
1480,Woodcut
1480,Engraving
1480,Engraving
1480,Engraving
1480,Engraving
1480,Oil on pan
1480,Engraving
1480,Engraving
1480,Metalcut
1480,Metalcut
1480,Woodcut
1480,Metalcut
1480,Engraving
1480,Engraving
1480,Engraving
1480,Woodcut
1480,Engraving
1480,Engraving
1480,Engraving
1480,Oil on pan
1480,Metalcut
1480,Woodcut in
1480,Engraving
1480,Engraving 
1480,Engraving
1480,Engraving
1480,Engraving
1480,Engraving
1480,Niello pri
1480,Engraving
1480,Engraving 
1480,Woodcut
1480,Metalcut
1480,Engraving
1480,Metalcut
1480,Engraving
1480,Oil on oak
1480,Bronze
1480,Woodcut in
1480,Engraving
1480,Niello pri
1480,Woodcut
1480,Woodcut
1480,Woodcut
1480,Metalcut
1480,Engraving
1480,Engraving
1480,Woodcut
1480,Engraving 
1480,Engraving
1480,Woodcut in
1480,Woodcut
1480,Engraving
1480,Engraving
1480,Engraving
1480,Engraving
1480,Paste prin
1480,Niello pri
1480,Pen and br
1480,Metalcut
1480,Paste prin
1480,Woodcut
1480,Engraving
1480,Woodcut
1480,Woodcut in
1480,Tempera on
1480,Engraving
1480,Woodcut
1480,Engraving
1480,Gilded sil
1482,Oil on pan
1482,Oil on pan
1483,Wood
1483,Marble
1483,Woodcut ha
1484,Bronze//la
1485,Engraving
1485,Pen and br
1485,Oil on pan
1485,Woodcut wi
1485,Engraving
1485,Woodcut in
1485,Woodcut
1485,Hand-color
1485,Woodcut
1485,Woodcut
1485,Gouache an
1485,Engraving
1486,Tempera on
1486,Bronze
1486,Bronze
1486,Woodcut
1488,Bronze
1488,Metalpoint
1488,Metalpoint
1490,Ink on pap
1490,Woodcut
1490,Woodcut
1490,Hand-color
1490,Engraving
1490,Engraving
1490,Woodcut on
1490,Engraving
1490,Hand-color
1490,Engraving
1490,Engraving
1490,Engraving 
1490,Engraving
1490,Engraving
1490,Engraving
1490,Hand-color
1490,Hand-color
1490,Engraving
1490,Niello pri
1490,Pen and bl
1490,Engraving 
1490,Engraving
1490,Engraving
1490,Hand-color
1490,Woodcut
1490,Hand-color
1490,Hand-color
1490,Hand-color
1490,Engraving
1490,Hand-color
1490,Hand-color
1490,Engraving
1490,Bronze
1490,Hand-color
1490,Woodcut
1490,Oil on pan
1490,Hand-color
1490,Woodcut
1490,Hand-color
1490,Woodcut
1490,Tempera on
1490,Engraving
1490,Engraving
1490,Woodcut
1490,Engraving
1490,Hand-color
1490,Marble
1490,Engraving
1490,Tempera on
1491,Tempera on
1491,Tempera on
1492,Bronze
1492,Bronze
1492,Oil on pan
1492,Woodcut
1492,Bronze
1492,Pen and bl
1492,Pen and bl
1492,Pen and bl
1493,Hand-color
1493,1 vol: ill
1493,Color wood
1494,Woodcut
1494,Silver tes
1495,Tempera on
1495,Oil on pan
1495,Oil on pan
1495,Engraving
1495,Oil on pan
1495,Engraving
1495,Tempera on
1495,Pen and bl
1495,Engraving
1495,Engraving
1495,Engraving
1495,Engraving
1495,Engraving
1495,Pen and br
1495,Oil on pan
1495,Oil on pan
1495,Engraving
1496,Tempera on
1496,Woodcut
1496,Engraving
1496,Engraving
1496,Woodcut
1496,Engraving
1496,Woodcut
1496,Woodcut
1496,Metalpoint
1496,Engraving
1496,Woodcut
1496,Woodcut on
1496,Woodcut
1496,Oil on pan
1496,Woodcut
1496,Woodcut
1496,Woodcut
1496,Engraving 
1497,Oil on can
1497,Pen and br
1497,Engraving
1497,Woodcut
1497,Engraving
1497,Engraving
1497,Woodcut
1497,Woodcut
1497,Woodcut on
1498,Woodcut
1498,Woodcut on
1498,Woodcut on
1498,Engraving
1498,Engraving
1498,Engraving
1498,Woodcut
1499,Woodcut
1499,Engraving
1500,Tempera on
1500,Fresco
1500,Woodcut
1500,Woodcut
1500,Pen and br
1500,Woodcut
1500,Oil on pan
1500,Woodcut wi
1500,Woodcut
1500,Woodcut
1500,Woodcut
1500,Woodcut
1500,Woodcut
1500,Woodcut
1500,Oil on pan
1500,Engraving
1500,Woodcut
1500,Oil on pan
1500,Painted an
1500,Woodcut
1500,Oil on pan
1500,Woodcut
1500,Woodcut
1500,Woodcut
1500,White line
1500,Oil on pan
1500,Woodcut
1500,Oil on pan
1500,Black chal
1500,Oil on can
1500,Oil on pan
1500,Silver tes
1500,Pen and br
1500,Pen and br
1500,Woodcut on
1500,Bronze//bl
1500,Engraving
1500,Oil (and p
1500,Walnut
1500,Engraving
1500,Engraving 
1500,Engraving
1500,Woodcut
1500,Engraving
1500,Engraving
1500,Red chalk 
1500,Engraving 
1500,Woodcut
1501,Pen and br
1501,Engraving
1501,Woodcut
1502,Bronze
1502,Woodcut
1502,Engraving
1502,Engraving
1502,Woodcut
1502,Engraving
1502,Woodcut
1502,Bronze
1502,Bronze//fo
1503,Oil on pop
1503,Woodcut
1503,Woodcut
1503,Woodcut
1503,Engraving
1503,Woodcut
1503,Woodcut
1504,Woodcut on
1504,Engraving
1504,Woodcut
1504,Woodcut
1504,Woodcut on
1505,Oil on pan
1505,Oil on pop
1505,Oil on pan
1505,Engraving
1505,Engraving
1505,Engraving
1505,Woodcut
1505,Engraving
1505,Engraving
1505,Engraving
1505,Woodcut on
1505,Woodcut
1505,Pen and br
1505,Engraving
1505,Oil on pan
1505,Oil on pan
1505,Woodcut
1505,Engraving
1505,Engraving
1505,Oil on pan
1505,Niello pri
1505,Oil on pan
1505,Engraving
1505,Pen and br
1506,Oil on lim
1506,Oil on pan
1506,Woodcut
1506,Engraving
1506,Woodcut
1506,Woodcut
1506,Oil on pan
1506,Woodcut
1506,Chiaroscur
1506,Woodcut
1507,Engraving
1507,Engraving
1507,Engraving
1507,Engraving
1507,Woodcut
1507,Engraving
1507,Bronze
1507,Engraving
1507,Engraving
1508,Engraving
1508,Engraving
1508,Oil on pan
1508,Engraving
1508,Oil on pan
1508,Silverpoin
1508,Engraving
1508,Engraving
1508,Engraving
1509,Woodcut
1509,Woodcut
1509,Woodcut
1509,Woodcut
1509,Engraving
1509,Oil on pan
1509,Woodcut
1509,Engraving
1509,Woodcut
1509,Engraving
1509,Woodcut
1509,Woodcut
1509,Woodcut
1509,Woodcut
1509,Woodcut
1509,Oil on pan
1509,Woodcut
1509,Woodcut
1509,Woodcut
1509,Woodcut
1509,Engraving
1509,Woodcut
1509,Woodcut
1509,Woodcut
1509,Engraving
1509,Woodcut on
1509,Woodcut
1509,Woodcut
1509,Woodcut
1509,Woodcut
1509,Engraving
1509,Woodcut
1509,Woodcut
1509,Woodcut
1509,Woodcut
1509,Engraving
1509,Woodcut
1509,Woodcut
1509,Woodcut
1509,Woodcut
1510,Oil on pan
1510,Oil on can
1510,Woodcut
1510,Woodcut
1510,Bronze//st
1510,Woodcut
1510,Engraving
1510,Woodcut
1510,Oil on pan
1510,Engraving
1510,Engraving
1510,Woodcut
1510,Woodcut
1510,Engraving
1510,Woodcut
1510,Engraving
1510,Glazed ter
1510,Engraving
1510,Woodcut
1510,Bound volu
1510,Oil on pan
1510,Pen and bl
1510,Engraving
1510,Oil on har
1510,Pen and br
1511,Woodcut
1511,Woodcut
1511,Woodcut
1511,Engraving
1511,Engraving
1511,Woodcut
1511,Woodcut
1511,Chiaroscur
1512,Woodcut
1512,Bronze
1512,Engraving
1512,Engraving
1512,Engraving
1512,Engraving
1512,Engraving
1512,Engraving
1512,Pen and br
1512,Pen and br
1512,Woodcut on
1512,Pen and br
1512,Pen and br
1512,Pen and br
1512,Pen and br
1512,Engraving
1512,Engraving 
1512,Woodcut
1512,Engraving
1512,Engraving
1512,Drypoint
1513,Oil on pan
1513,Oil on woo
1513,Woodcut
1513,Woodcut
1513,Woodcut
1513,Woodcut
1513,Woodcut
1513,Engraving
1513,Woodcut
1513,Woodcut
1513,Woodcut
1513,Woodcut
1513,Woodcut
1513,Woodcut
1513,Woodcut
1513,Woodcut
1513,Woodcut
1513,Woodcut
1513,Oil on pan
1513,Woodcut
1513,Woodcut
1513,Engraving
1513,Red chalk 
1513,Woodcut
1513,Woodcut
1513,Woodcut
1513,Oil on pan
1513,Woodcut
1514,Oil on can
1514,Engraving
1514,Woodcut
1514,Engraving
1514,Woodcut
1514,Woodcut
1514,Woodcut
1514,Woodcut
1514,Woodcut
1514,Engraving
1514,Engraving 
1514,Engraving
1514,Engraving
1514,Woodcut
1514,Woodcut
1514,Engraving
1514,Engraving
1514,Woodcut
1514,Engraving
1514,Engraving
1514,Engraving 
1515,Woodcut
1515,Engraving
1515,Pen and br
1515,Pen and br
1515,Bronze//bl
1515,Woodcut
1515,Engraving
1515,Engraving
1515,Engraving
1515,Engraving
1515,Linden woo
1515,Etching (i
1515,Woodcut
1515,Engraving
1515,Woodcut
1515,Pen and br
1515,Pen and br
1515,Woodcut
1515,Engraving
1515,Pen and br
1515,Engraving
1515,Woodcut
1515,Black chal
1515,Pen and br
1515,Pen and br
1515,Oil on pan
1515,Oil on pan
1515,Pen and br
1515,42 woodcut
1515,Engraving
1516,Oil on woo
1516,Woodcut
1516,Woodcut
1516,Bronze//me
1516,Etching (i
1516,Woodcut
1516,Woodcut
1516,Oil on pan
1516,Engraving
1516,Engraving
1516,Bronze//me
1516,Woodcut
1516,Etching (i
1516,Woodcut
1516,Woodcut
1516,Bound volu
1517,Engraving
1517,Engraving 
1517,Engraving
1517,Engraving
1517,Engraving
1517,Red chalk 
1517,Engraving
1517,Engraving
1517,Oil on pan
1517,Woodcut
1517,Woodcut
1517,Engraving
1518,Oil on can
1518,Engraving
1518,Bound volu
1518,Woodcut
1518,Engraving
1518,Engraving
1518,Engraving
1518,Engraving
1518,Engraving
1518,Oil on pan
1519,Engraving
1519,Woodcut pr
1519,Woodcut
1519,Engraving
1519,Engraving
1519,Woodcut
1519,Engraving
1519,Engraving
1519,Engraving
1519,Woodcut
1519,Woodcut
1520,Boxwood
1520,Bronze
1520,Engraving
1520,Woodcut
1520,Pen and br
1520,Engraving
1520,Engraving
1520,Oil on can
1520,Tin-glazed
1520,Engraving
1520,Chiaroscur
1520,Engraving
1520,Etching
1520,Pen and br
1520,Oil on pan
1520,Engraving
1520,Engraving
1520,Fresco
1520,Pen and br
1520,Engraving
1520,Fresco
1520,Engraving
1520,Etching
1520,Pen and br
1520,Engraving
1520,Engraving
1520,Woodcut
1520,Oil on pan
1520,Engraving
1520,Etching an
1520,Oil on pan
1520,Engraving
1520,Engraving
1520,Engraving 
1520,Etching on
1520,Engraving
1521,Porcelain 
1521,Engraving
1521,Engraving
1521,Woodcut
1521,Woodcut
1521,Engraving
1521,Woodcut on
1521,Engraving
1522,Oil on can
1522,Woodcut
1522,Woodcut
1522,Woodcut on
1522,Woodcut on
1522,Woodcut
1522,Woodcut
1522,Woodcut
1523,Pen and br
1523,Pen and br
1523,Oil on pan
1523,Engraving
1523,Woodcut
1523,Engraving
1523,Woodcut
1523,Black chal
1523,Engraving
1523,Engraving
1523,Pen and bl
1524,Engraving
1524,Engraving
1524,Engraving 
1525,Engraving
1525,Woodcut
1525,Bronze//ve
1525,Engraving
1525,Engraving
1525,Engraving 
1525,Oil on can
1525,Chiaroscur
1526,Woodcut
1526,Woodcut
1526,Lead
1526,Engraving
1526,Woodcut
1526,Lead
1526,Black chal
1527,Oil on pan
1527,Oil on pan
1527,Oil on pan
1528,Engraving
1528,Pen and br
1528,Engraving
1529,Engraving
1529,Engraving
1529,Engraving
1529,Engraving
1529,Engraving
1529,Engraving
1530,Gilt on br
1530,Pen and br
1530,Engraving
1530,Chiaroscur
1530,Engraving
1530,Oil on pan
1530,Woodcut fr
1530,Oil on pan
1530,Base silve
1530,Woodcut
1530,Engraving
1530,Engraving
1530,Oil on pan
1530,Oil on pan
1530,Woodcut
1530,Chiaroscur
1530,Woodcut pr
1530,Oil on pan
1530,Engraving
1530,Woodcut on
1530,Pen and br
1530,Woodcut on
1530,Engraving
1530,Engraving
1530,Engraving
1531,Oil on can
1531,Red chalk
1532,Oil on pan
1532,Bronze
1532,Bronze//da
1533,Engraving
1533,Engraving
1534,Woodcut
1534,Woodcut
1534,Woodcut
1534,Woodcut
1534,Engraving
1535,Oil on can
1535,Pen and bl
1535,Oil on har
1535,Pen and br
1535,Engraving
1536,Engraving
1536,Engraving
1536,Woodcut
1536,Oil on wal
1537,Oil on pan
1537,Engraving
1537,Bronze
1537,Silver//wi
1537,Engraving
1537,Engraving
1537,Bronze
1538,Oil on pan
1539,Engraving 
1539,Etching
1539,Tin-glazed
1539,Pen and br
1540,Oil on pan
1540,Oil on can
1540,Etching
1540,Woodcut
1540,Etching
1540,Pen and bl
1540,Etching
1540,Pen and br
1540,Etching
1540,Oil on can
1540,Engraving 
1540,Etching wi
1540,Woodcut
1540,Engraving
1540,Etching
1541,Oil and te
1541,Bronze
1541,Engraving
1541,Engraving
1541,Engraving
1541,Bronze
1542,Oil on can
1542,Oil on can
1542,Engraving 
1542,Engraving
1542,Engraving
1542,Engraving
1542,Engraving 
1542,Oil on can
1542,Engraving
1543,Engraving
1543,Engraving
1543,Engraving
1544,Engraving
1544,Engraving
1544,Engraving
1544,Engraving
1544,Engraving 
1544,Woodcut
1545,Engraving 
1545,Pen and bl
1545,Pen and br
1545,Oil on pan
1545,Engraving
1545,Etching
1545,Etching
1545,Etching on
1545,Wax on cop
1545,Engraving
1545,Etching
1545,Engraving
1545,Engraving 
1545,Etching
1545,Etching
1545,Engraving
1545,Etching on
1545,Oil on can
1546,Etching on
1546,Engraving
1546,Etching
1546,Engraving
1546,Engraving
1546,Engraving
1546,Woodcut
1546,Etching on
1546,Engraving
1546,Etching on
1546,Engraving
1546,Engraving
1546,Engraving
1546,Engraving 
1546,Pen and bl
1546,Engraving
1546,Engraving
1546,Engraving
1546,Etching
1546,Engraving
1547,Etching
1547,Etching
1547,Engraving
1547,Etching
1547,Engraving
1547,Etching
1547,Etching
1547,Etching
1547,Etching
1547,Etching
1547,Etching
1547,Etching an
1547,Etching
1547,Etching
1547,Pen and bl
1547,Etching
1547,Etching
1548,Etching
1548,Etching
1548,Etching
1548,Engraving
1548,Etching
1548,Etching
1548,Etching
1548,Etching
1548,Etching
1548,Etching
1548,Etching
1548,Etching
1548,Etching
1548,Etching
1548,Etching
1548,Etching
1548,Woodcut on
1548,Bronze
1548,Etching
1548,Etching
1549,Engraving
1549,Pen and br
1549,Etching
1549,Engraving
1549,Etching
1549,Etching
1549,Etching
1549,Engraving
1549,Engraving
1550,Swatow war
1550,Gold with 
1550,Oil on pan
1550,Undyed woo
1550,Etching on
1550,Bronze//me
1550,Etching on
1550,Engraving
1550,Bronze
1550,Etching on
1550,Undyed woo
1550,Oil on pan
1550,Etching on
1550,Engraving 
1550,Etching on
1550,Oil on pan
1550,Pen and in
1550,Engraving
1550,Etching on
1550,Etching on
1550,Red chalk 
1550,Enameled g
1550,Etching on
1550,Walnut
1550,Woodcut on
1550,Etching on
1551,Wood with 
1551,Engraving
1551,Etching//c
1551,Etching on
1551,Roman type
1551,Etching//c
1552,Oil on can
1552,Etching
1552,Engraving
1552,Pen and bl
1552,Etching
1552,Bronze//la
1553,Etching
1553,Pen and br
1553,Bronze
1553,Bronze rel
1553,Pen and br
1553,Etching
1554,Etching
1554,Woodcut
1555,Oil on can
1555,Oil on can
1555,Engraving
1555,Black chal
1555,Etching
1555,Etching an
1555,Chiaroscur
1555,Etching
1555,Red chalk 
1555,Etching an
1555,Etching an
1555,Etching
1555,Etching
1556,Etching
1556,Engraving
1556,Engraving
1556,Engraving
1557,Oil on can
1557,Oil on can
1557,Engraving 
1557,Pen and bl
1557,Etching an
1558,Engraving
1558,Etching
1558,Engraving
1558,Etching
1559,Etching re
1559,Engraving
1559,Etching re
1559,Engraving
1559,Engraving
1559,Bronze
1559,Etching re
1559,Etching re
1559,Etching re
1559,Etching re
1559,Etching re
1559,Pen and br
1559,Engraving
1559,Etching re
1559,Etching re
1560,Gouache ov
1560,Oil on can
1560,Oil on can
1560,Oil on can
1560,Oil on can
1560,Woodcut on
1561,Woodcut on
1561,Engraving
1561,Engraving
1561,Engraving
1561,Pen and bl
1562,Oil on can
1562,Engraving
1562,Bronze
1562,Engraving 
1562,Engraving
1562,Engraving
1562,Engraving
1563,Engraving
1564,Etching
1564,Etching
1564,Etching
1564,Engraving 
1564,Etching
1564,Etching
1564,Etching
1564,Etching
1564,Etching
1564,Etching
1564,Etching
1564,Etching
1564,Etching
1564,Etching
1565,Engraving
1565,Engraving
1565,Engraving
1565,Engraving
1565,Engraving
1565,Engraving
1566,Chiarascur
1566,Pen and br
1566,Engraving
1567,Woodcut on
1568,Gilded sil
1568,Engraving
1568,Etching on
1568,Engraving
1568,Colored ch
1569,Engraving
1569,Engraving
1570,Pen and br
1570,Engraving 
1570,Oil on fir
1570,Painted te
1570,Woodcut on
1570,Monochrome
1571,Oil on oak
1571,Pen and br
1571,Pen and br
1572,Bronze
1572,Engraving
1572,Engraving
1572,Etching on
1572,Engraving
1573,Oil on can
1574,Engraving
1575,Oil on can
1575,Watercolor
1575,Hand-color
1575,Engraving
1575,Pen and br
1575,Bronze
1575,Watercolor
1575,Engraving
1575,Bronze
1575,1 vol: ill
1575,Watercolor
1576,Engraving
1576,Engraving
1576,Engraving
1576,Engraving
1576,Engraving
1576,Engraving
1576,Engraving
1576,Engraving
1576,Engraving
1576,Engraving
1576,Engraving
1576,Engraving
1576,Engraving
1576,Engraving
1576,Engraving
1576,Engraving
1576,Engraving
1576,Engraving
1576,Engraving
1576,Engraving
1576,Engraving
1576,Engraving
1578,Oil and te
1578,Engraving 
1579,Engraving
1579,Engraving 
1579,Engraving
1579,Engraving
1580,Engraving
1580,Engraving
1580,Red chalk 
1580,Pen and bl
1580,Engraving
1580,Black chal
1580,Pen and br
1580,Pen and br
1580,Engraving
1580,Oil on can
1580,Pen and bl
1580,Oil on pap
1580,Engraving
1580,Pen and br
1580,Oil on can
1581,Pen and br
1581,Engraving 
1581,Engraving
1582,Engraving
1582,Engraving 
1582,Pen and br
1582,Oil on can
1582,Pen and br
1582,Punch engr
1583,Engraving
1584,Chiaroscur
1585,Opaque wat
1585,Oil on can
1585,Pen and br
1585,Engraving
1585,Engraving
1585,Engraving
1585,Engraving
1585,Chiaroscur
1585,Engraving
1586,Engraving
1586,Engraving 
1587,Engraving 
1587,Engraving 
1587,Engraving
1587,Engraving 
1587,Black and 
1587,Engraving 
1587,Engraving 
1587,Engraving 
1587,Engraving 
1588,Paper with
1588,Chiaroscur
1588,Woodcut
1588,Engraving 
1589,Marble
1589,Oil on can
1589,Engraving 
1589,Engraving
1589,Engraving
1589,Engraving
1589,Engraving
1589,Engraving 
1589,Engraving
1589,Engraving
1589,Engraving
1589,Engraving
1589,Engraving
1590,Opaque wat
1590,Pen and br
1590,Pen and br
1590,Black
1590,Oil on pan
1590,Engraving 
1590,Oil on can
1590,Etching an
1590,Etching an
1590,Pen and in
1590,Gilded bro
1590,Etching an
1591,Etching an
1592,Etching wi
1592,Engraving
1592,Engraving
1592,Engraving
1592,Engraving
1592,Engraving
1592,Engraving 
1592,Engraving 
1592,Engraving
1592,Engraving
1592,Engraving
1592,Engraving
1592,Pen and br
1592,Engraving 
1593,Engraving
1593,Engraving
1593,Engraving
1593,Engraving
1593,Engraving
1593,Engraving
1593,Oil on can
1593,Engraving
1593,Engraving
1594,Engraving 
1595,Ink and pi
1595,Ink and pi
1595,Ink and pi
1595,Ink and pi
1595,Engraving 
1595,Engraving 
1595,Engraving 
1595,Engraving
1595,Engraving 
1595,Pen and br
1595,Engraving 
1596,Opaque wat
1596,Engraving
1596,Engraving
1596,Engraving
1596,Engraving
1596,Engraving
1596,Engraving
1596,Engraving
1596,Engraving
1596,Engraving
1596,Engraving
1596,Engraving
1596,Engraving
1596,Engraving
1596,Engraving
1596,Engraving
1596,Engraving
1597,Ink and pi
1597,Ink and pi
1597,Ink and pi
1597,Ink and pi
1597,Ink and pi
1597,Oil on can
1597,Engraving 
1597,Etching
1597,Engraving
1597,Engraving
1597,Oil on can
1597,Gouache an
1598,Engraving
1599,Oil on can
1599,Chiaroscur
1599,Chiaroscur
1599,Chiaroscur
1599,Chiaroscur
1599,Chiaroscur
1599,Engraving 
1600,Oil on can
1600,Opaque wat
1600,Flax and o
1600,Oil on can
1600,Engraving
1600,Engraving
1600,Engraving 
1600,Engraving
1600,Pen and bl
1600,Pen and br
1600,Pen and bl
1600,Black and 
1600,Pen and br
1600,Engraving 
1600,Pen and br
1600,Red and bl
1601,Black chal
1601,Engraving 
1601,Engraving
1603,Engraving 
1603,Gilt bronz
1604,Engraving 
1604,Engraving 
1605,Black and 
1606,Engraving
1606,Oil on can
1606,Etching an
1608,Engraving
1608,Engraving
1608,Engraving
1608,Etching
1608,Engraving 
1608,Engraving
1608,Engraving
1608,Engraving
1608,Engraving
1609,Oil on pan
1609,Engraving
1610,Pen and br
1610,Pen and br
1610,Black chal
1610,Pen and br
1610,Oil on can
1610,Red and bl
1610,Engraving
1610,Oil on can
1610,Carrara ma
1611,Bronze
1612,Etching on
1612,Etching on
1612,Etching
1612,Etching
1612,Etching on
1612,Etching
1612,Etching
1612,Etching
1612,Etching
1612,Etching on
1612,Etching
1612,Etching
1612,Etching
1612,Black chal
1612,Etching on
1612,Etching
1612,Etching
1612,Etching on
1612,Etching
1612,Etching on
1612,Etching on
1612,Etching on
1612,Etching
1612,Etching
1612,Etching on
1612,Etching
1612,Etching on
1612,Etching
1612,Engraving
1612,Etching on
1613,Ink and pi
1613,Pen and br
1613,Pen and br
1613,Etching
1613,Engraving 
1613,Black chal
1613,Engraving 
1613,Etching
1613,Etching
1613,Engraving 
1613,Etching
1613,Engraving 
1613,Engraving 
1613,Etching
1613,Etching
1613,Etching
1613,Engraving
1613,Etching
1613,Engraving 
1613,Engraving
1613,Etching
1613,Engraving 
1614,Engraving 
1614,Engraving
1614,Engraving 
1614,Engraving 
1614,Engraving 
1614,Engraving
1614,Engraving
1614,Engraving 
1614,Engraving
1614,Engraving
1614,Engraving 
1614,Engraving 
1614,Engraving
1615,Opaque wat
1615,Oil on can
1615,Bound volu
1615,Engraving 
1615,Engraving 
1615,Black chal
1616,Etching
1616,Etching
1616,Etching
1616,Etching
1616,Etching on
1616,Etching
1616,Etching
1616,Pen and bl
1616,Etching
1616,Etching
1616,Etching
1616,Engraving
1617,Engraving
1617,Etching
1617,Etching
1617,Etching
1617,Black chal
1617,Oil on can
1617,Etching
1617,Etching
1617,Etching
1617,Etching
1617,Etching
1617,Etching
1617,Etching on
1617,Etching
1617,Etching
1617,Etching
1617,Etching
1617,Etching
1618,Etching an
1618,Etching an
1618,Etching
1618,Etching
1618,Etching
1618,Etching an
1618,Oil on pan
1618,Engraving
1618,Etching an
1618,Etching on
1618,Red chalk 
1619,Etching an
1619,Etching an
1619,Etching an
1619,Pen and br
1619,Etching an
1619,Engraving
1619,Etching an
1619,Etching an
1619,Engraving 
1619,Engraving
1619,Etching an
1619,Etching an
1619,Etching an
1619,Etching an
1619,Etching an
1619,Etching an
1619,Engraving
1619,Etching an
1619,Engraving
1619,Etching an
1619,Etching an
1619,Etching an
1619,Engraving
1619,Engraving
1619,Engraving
1619,Engraving
1619,Engraving
1620,Oil on woo
1620,Oil on can
1620,Etching
1620,Bronze
1620,Etching an
1620,Etching an
1620,Engraving 
1620,Etching
1620,Pen and br
1620,Etching
1620,Etching wi
1620,Black chal
1620,Etching
1620,Engraving 
1620,Etching an
1620,Etching
1620,Pen and br
1620,Etching on
1620,Etching
1620,Bronze
1620,Oil on can
1620,Etching on
1620,Oil on pan
1620,Pen and br
1620,Etching an
1621,Oil on pan
1621,Engraving
1621,Woodcut
1621,Etching an
1621,Woodcut
1621,Woodcut
1621,Etching
1621,Woodcut
1621,Etching an
1621,Etching an
1621,Woodcut
1621,Woodcut
1621,Woodcut
1621,Etching an
1621,Etching
1621,Woodcut
1621,Woodcut
1621,Woodcut
1621,Woodcut
1621,Etching
1621,Engraving
1621,Woodcut
1621,Woodcut
1622,Oil on can
1622,Etching
1622,Etching
1622,Etching
1622,Etching
1622,Etching an
1622,Etching
1622,Etching
1622,Etching
1622,Etching
1622,Etching
1622,Etching
1622,Etching
1622,Oil on pan
1622,Etching
1622,Etching an
1622,Etching an
1622,Etching
1622,Etching
1622,Etching an
1622,Etching
1622,Etching
1622,Etching an
1622,Etching an
1622,Etching on
1622,Etching an
1622,Etching
1622,Etching an
1622,Etching an
1622,Etching an
1622,Etching
1622,Etching
1622,Etching an
1622,Etching an
1622,Etching an
1622,Etching
1622,Etching
1622,Etching an
1622,Oil on pan
1622,Etching
1622,Etching an
1622,Etching an
1622,Etching an
1623,Engraving
1623,Black
1623,Oil on can
1624,Oil on can
1624,Oil on Can
1624,Etching
1624,Etching
1624,Etching
1624,Etching
1624,Etching
1624,Etching
1624,Etching
1624,Engraving
1625,Oil on woo
1625,Oil on can
1625,Woodcut
1625,Engraving 
1625,Engraving
1625,Black chal
1625,Engraving 
1625,Woodcut
1625,Woodcut
1625,Oil on pan
1625,Engraving
1625,Woodcut
1625,Pen and br
1625,Etching an
1625,Etching
1625,Engraving
1626,Oil on woo
1626,Oil on cop
1626,Etching
1626,Etching an
1626,Engraving
1626,Etching
1626,Engraving
1626,Etching an
1626,Engraving
1626,Etching
1626,Engraving
1626,Etching
1626,Engraving
1626,Etching an
1626,Engraving
1626,Etching
1626,Engraving
1626,Etching an
1626,Woodcut in
1626,Etching an
1626,Etching
1626,Engraving
1626,Oil on pan
1626,Pen and br
1626,Etching an
1627,Oil on can
1627,Etching
1627,Oil on can
1627,Etching an
1627,Pen and br
1627,Etching//p
1627,Etching
1627,Etching
1627,Etching
1627,Black chal
1627,Etching
1627,Oil on can
1627,Black chal
1627,Chiaroscur
1627,Etching
1627,Etching
1627,Etching
1628,Etching an
1628,Oil on can
1628,Etching
1628,Etching
1628,Etching an
1628,Red chalk 
1628,Etching an
1628,Etching
1628,Etching
1628,Etching
1628,Etching
1628,Etching
1628,Etching
1628,Etching an
1628,Etching an
1628,Etching
1628,Etching an
1628,Etching an
1628,Etching
1628,Etching
1628,Engraving
1628,Etching an
1628,Etching
1628,Etching
1628,Etching
1628,Etching an
1628,Etching an
1628,Etching
1628,Oil on can
1628,Etching
1628,Etching
1629,Oil on can
1629,Etching
1630,Oil on woo
1630,Woodcut on
1630,Woodcut on
1630,Engraving 
1630,Etching fr
1630,Etching
1630,Etching
1630,Etching on
1630,Etching
1630,Etching
1630,Woodcut on
1630,Etching
1630,Etching
1630,Etching
1630,Etching wi
1630,Etching
1630,Etching an
1630,Oil on pan
1630,Etching on
1630,Etching
1630,Etching
1630,Woodcut on
1630,Watercolor
1630,Gray wash
1630,Etching
1631,Chiaroscur
1631,Etching on
1631,Etching
1631,Etching
1631,Etching
1631,Etching
1631,Etching
1631,Etching
1631,Etching
1631,Etching
1631,Etching
1631,Etching
1631,Etching
1631,Etching
1632,Oil on can
1632,Oil on woo
1632,Etching on
1632,Etching an
1632,Etching on
1632,Etching
1632,Etching
1632,Oil on can
1633,Etching
1633,Etching
1633,Engraving 
1633,Etching
1633,Engraving 
1633,Etching on
1633,Etching
1633,Etching
1633,Etching
1633,Oil on pan
1633,Oil on can
1633,Etching
1633,Etching
1633,Etching
1633,Etching
1633,Engraving 
1633,Etching an
1633,Etching
1633,Oil on can
1633,Etching
1633,Etching
1633,Etching
1633,Etching
1634,Oil on woo
1634,Etching
1634,Etching
1634,Etching an
1634,Etching
1634,Etching
1634,Etching
1634,Etching
1634,Engraving 
1634,Etching
1634,Etching an
1634,Etching
1634,Etching an
1634,Etching
1634,Etching
1634,Etching an
1634,Etching an
1634,Etching an
1634,Etching
1634,Etching wi
1634,Etching
1634,Oil on can
1634,Etching
1634,Etching an
1634,Etching
1634,Etching
1634,Etching an
1634,Oil on pan
1634,Etching an
1635,Oil on can
1635,Oil on can
1635,Oil on can
1635,On canvas
1635,On canvas
1635,Etching
1635,Etching
1635,Etching on
1635,Etching
1635,Etching
1635,Etching
1635,Etching an
1635,Etching
1635,Etching
1635,Etching
1635,Pen and br
1635,Etching on
1635,Etching
1635,Etching
1635,Black chal
1635,Etching
1635,Etching
1635,Etching
1636,Etching
1636,Etching
1636,Oil on can
1636,Etching
1636,Etching
1636,Engraving 
1636,Etching an
1636,Engraving
1636,Etching
1637,Etching on
1637,Etching on
1637,Etching on
1637,Engraving 
1637,Etching
1637,Etching
1637,Etching on
1637,Etching wi
1637,Etching on
1637,Etching an
1638,Etching an
1638,Etching
1638,Etching
1638,Etching
1638,Oil on pan
1638,Etching
1638,Etching
1638,Engraving 
1638,Etching on
1638,Etching on
1638,Engraving 
1638,Etching an
1638,Pen and in
1638,Etching
1638,Engraving 
1639,Gilt on si
1639,Etching
1639,Etching
1639,Etching
1639,Etching on
1639,Etching wi
1639,Etching on
1640,Oil on can
1640,Oil on Pan
1640,Engraving 
1640,Pen and br
1640,Etching
1640,Pen and br
1640,Etching an
1640,Chiaroscur
1640,Etching wi
1640,Pen and br
1640,Pen and br
1640,Pen and br
1640,Etching on
1640,Etching
1640,Etching on
1640,Pen and br
1640,Pen and br
1640,Oil on can
1640,Etching
1640,Etching
1640,Chalk
1640,Etching an
1640,Brush with
1640,Pen and br
1640,Pen and br
1640,Reed pen a
1640,Etching on
1640,Oil on can
1640,Oil on pan
1640,Pen and br
1640,Pen and br
1640,Pen and br
1640,Pen and br
1641,Etching
1641,Etching
1641,Etching
1641,Etching an
1641,Etching
1641,Etching
1641,Etching
1641,Etching
1641,Etching
1641,Etching an
1641,Etching
1641,Etching
1642,Oil on can
1642,Engraving 
1642,Etching an
1642,Etching
1642,Etching
1642,Etching
1642,Etching
1642,Etching
1642,Engraving
1642,Etching
1642,Etching
1642,Etching
1642,Etching on
1642,Engraving 
1642,Etching
1643,Etching
1643,Etching
1643,Etching
1643,Etching
1643,Etching
1643,Etching an
1643,Etching
1643,Etching
1643,Etching
1643,Etching
1643,Etching
1643,Etching
1643,Etching
1643,Etching
1643,Etching
1643,Etching
1643,Etching
1644,Etching
1644,Etching on
1644,Three etch
1644,Etching
1644,Etching
1644,12 etching
1644,Oil on pan
1644,Etching
1644,Etching
1644,Etching
1645,Oil on can
1645,Etching
1645,Etching
1645,Etching
1645,Etching
1645,Etching
1645,Etching wi
1645,Etching
1645,Etching
1645,Etching wi
1645,Etching
1645,Etching
1645,Etching wi
1645,Etching wi
1645,Etching
1645,Etching wi
1645,Etching
1645,Etching
1645,Etching
1645,Etching
1645,Etching
1645,Etching
1645,Etching
1645,Etching
1645,Etching wi
1645,Etching wi
1645,Etching
1645,Etching
1645,Etching
1645,Etching
1645,Etching wi
1645,Etching
1645,Etching
1645,Etching
1645,Etching
1645,Etching
1645,Oil on can
1645,Etching
1645,Etching
1645,Etching wi
1645,Etching
1645,Etching
1645,Etching
1645,Etching
1645,Etching
1645,Etching
1645,Etching
1645,Etching
1645,Etching
1645,Etching
1645,Etching
1645,Etching wi
1645,Etching wi
1645,Etching
1645,Etching
1645,Etching
1645,Etching
1645,Etching wi
1645,Etching
1645,Etching
1645,Etching
1645,Etching
1645,Etching
1645,Etching
1645,Etching wi
1645,Reed pen a
1645,Etching
1645,Etching wi
1645,Etching wi
1645,Etching
1645,Etching
1645,Etching
1645,Etching
1645,Etching
1645,Etching
1645,Etching wi
1645,Etching
1645,Oil on pan
1646,Etching on
1646,Etching on
1646,Etching
1646,Etching
1646,Etching
1646,Etching
1646,Engraving 
1646,Etching
1646,Etching an
1646,Oil on can
1646,Etching on
1646,Etching
1646,Etching
1646,Etching
1647,Etching
1647,Etching
1647,Etching
1647,Etching
1647,Etching
1647,Etching
1647,Etching
1647,Etching
1647,Etching
1647,Etching
1647,Etching
1647,Etching
1647,Etching
1647,Engraving 
1647,Etching
1648,Pen and br
1648,Etching
1648,Etching
1648,Engraving
1648,Etching
1648,Oil on pan
1648,Etching
1648,Etching
1648,Etching an
1648,Etching an
1648,Etching an
1648,Etching an
1649,Oil on oak
1649,Etching on
1649,Etching wi
1649,Etching on
1649,Engraving
1649,Etching on
1649,Etching
1649,Etching wi
1649,Etching an
1649,Etching on
1649,Engraving
1649,Etching on
1649,Engraving
1649,Etching
1649,Engraving
1649,3 woodcuts
1649,Engraving 
1649,Etching on
1649,Etching
1649,Etching on
1650,Etching
1650,Etching wi
1650,Etching
1650,Etching
1650,Etching fr
1650,Etching an
1650,Engraving
1650,Oil on pan
1650,Etching on
1650,Oil on can
1650,Etching an
1650,Pen and br
1650,Pen and br
1650,Etching on
1650,Pen and br
1650,Oil on can
1650,Etching
1650,Pen and br
1650,Etching on
1650,Engraving
1650,Oil on can
1650,Etching
1650,Pen and br
1650,Oil on can
1650,Etching wi
1650,Etching on
1650,Etching on
1650,Etching an
1650,Black chal
1650,Pen and br
1650,Portfolio 
1650,Engraving
1650,Etching an
1650,Etching on
1650,Etching
1650,Etching wi
1651,Etching wi
1651,Etching wi
1651,Etching an
1651,Etching
1651,Etching wi
1651,Engraving
1651,Etching
1651,Etching
1651,Engraving
1651,Engraving
1651,Engraving
1651,Etching
1652,Oil on can
1652,Etching an
1652,Etching
1652,Etching an
1652,Etching
1652,Etching
1652,Etching
1652,Etching
1652,Engraving
1652,Etching
1652,Etching an
1652,Etching on
1652,Etching on
1652,Etching on
1652,Etching
1652,Etching
1652,Engraving
1652,Etching on
1652,Etching on
1652,Etching
1652,Etching on
1652,Drypoint
1652,Etching an
1652,Etching on
1652,Etching
1652,Etching
1653,Etching
1653,Drypoint a
1653,Etching
1653,Engraving
1653,Oil on pan
1653,Etching
1653,Engraving
1653,Etching
1653,Engraving
1653,Etching
1653,Etching
1653,Etching on
1653,Drypoint a
1653,Black chal
1654,Oil on can
1654,Engraving
1654,Etching an
1654,Etching
1654,Etching
1654,Etching
1654,Etching
1654,Etching on
1654,Etching
1654,Etching
1654,Etching on
1654,Etching
1654,Engraving
1654,Etching
1654,Engraving
1655,Oil on can
1655,Bronze
1655,Etching
1655,Etching an
1655,Oil on can
1655,Etching
1655,Engraving
1655,Engraving
1655,Etching
1656,Oil on can
1656,Etching
1656,Etching
1656,Etching an
1656,Graphite w
1656,Etching
1656,Etching on
1656,Etching on
1656,Etching on
1656,Engraving
1656,Engraving
1656,Etching
1656,Etching
1656,Etching an
1657,Etching
1657,Etching
1657,Etching
1657,Oil on can
1657,Etching
1657,Engraving
1657,Engraving
1657,Etching
1657,Engraving
1657,Etching
1657,Etching
1657,Etching an
1657,Engraving
1657,Engraving
1657,Engraving 
1658,Oil on can
1658,Oil on can
1658,Engraving
1658,Oil on can
1658,Etching
1658,Engraving 
1658,Oil on can
1658,Oil on can
1658,Etching an
1658,Oil on can
1658,Etching an
1658,Etching
1658,Oil on can
1658,Engraving
1658,Oil on can
1659,Oil on can
1659,Engraving
1659,Etching
1659,Engraving
1660,Oil on can
1660,Pen and ir
1660,Engraving
1660,Oil on cop
1660,Oil on pan
1660,Engraving
1660,Oil on can
1660,Oil on cop
1660,Engraving
1660,Pen and br
1660,Oil on can
1660,Engraving
1660,Pen and br
1660,Oil on pan
1660,Mezzotint 
1660,Engraving
1661,Engraving 
1661,Engraving
1661,Engraving
1661,Etching an
1661,Oil on can
1661,Engraving
1661,Etching
1661,Engraving
1661,Engraving
1662,Engraving
1662,Engraving
1662,Engraving
1662,Etching an
1662,Etching an
1662,Engraving
1662,Silver
1662,Oil on can
1662,Etching
1663,Engraving
1663,Pen and br
1664,Oil on can
1664,Bronze
1664,Etching
1664,Engraving
1664,Etching
1664,Red chalk 
1664,Etching
1665,Oil on can
1665,Oil on pan
1665,Engraving
1665,Etching on
1665,Oil on pan
1665,Engraving
1665,Etching an
1665,Engraving
1665,Etching on
1666,Oil on can
1666,Engraving
1666,Engraving
1667,Oil on can
1667,Etching
1667,Engraving
1667,Etching
1667,Engraving 
1668,Red chalk 
1668,Engraving
1669,Bronze
1670,Oil on can
1670,Etching on
1670,Engraving
1670,Pen and br
1670,Etching
1670,Black chal
1671,Etching
1672,Lead
1672,Pen and br
1672,Lead
1672,Etching
1673,Bronze
1673,Etching
1673,Engraving
1673,Etching
1673,Etching
1673,Etching
1673,Etching
1673,Etching
1673,Etching
1673,Etching
1674,Pen and br
1674,Engraving
1675,Engraving
1675,Etching
1675,Oil on can
1675,Oil on pan
1675,Engraving
1676,Etching re
1676,Etching re
1676,Etching an
1676,Etching re
1676,Etching re
1676,Etching re
1676,Engraving
1676,Etching re
1676,Etching re
1676,Etching re
1676,Etching an
1676,Etching re
1676,Pen and br
1676,Etching an
1676,Engraving
1676,Etching re
1676,Etching an
1676,Etching re
1676,Etching re
1676,Etching re
1676,Etching re
1676,Etching re
1676,Etching re
1676,Etching re
1676,Etching an
1676,Etching re
1677,Bronze
1677,Engraving
1679,Engraving
1680,Mezzotint 
1680,Mezzotint 
1680,Color etch
1680,Pen and br
1680,Engraving
1680,Etching
1680,Ivory
1680,Bronze
1680,Mezzotint 
1680,Mezzotint 
1681,Etching
1681,Etching
1681,Etching
1681,Etching
1681,Etching
1681,Etching
1681,Etching
1681,Etching
1681,Etching
1681,Etching
1681,Etching
1681,Etching
1681,Etching
1682,Engraving
1684,Ink on pap
1684,Lead
1685,White marb
1685,Etching an
1685,Etching
1688,Engraving
1690,Silver gil
1690,Wood (pine
1690,Etching on
1690,Etching on
1690,Etching on
1690,Etching on
1690,Mezzotint 
1690,Etching on
1690,Brush and 
1690,Mezzotint 
1690,Pen and br
1691,Engraving 
1691,Engraving 
1691,Engraving
1691,Engraving 
1692,Etching an
1694,Mezzotint 
1694,Black chal
1694,Mezzotint 
1695,Etching
1696,Etching
1696,Etching
1696,Bound volu
1696,Etching
1696,Etching
1696,Etching
1697,Agate
1697,Mezzotint 
1698,Red and bl
1699,Engraving
1699,Silver
1700,Oil on fab
1700,Pen and br
1700,Brown ink 
1700,Oil on can
1700,Bronze
1703,Etching an
1704,Pen and bl
1706,Mezzotint 
1707,Engraving
1707,Engraving
1708,Bronze
1710,Porcelain 
1710,Pen and br
1710,Mezzotint 
1710,Black chal
1710,Pen and br
1710,Mezzotint 
1710,Mezzotint 
1710,Pen and br
1711,Pen and br
1711,Red chalk 
1714,Engraving
1715,Bronze wit
1715,Oil on pan
1715,Pastel on 
1715,Engraving
1715,Engraving 
1716,Red chalk 
1716,Red and bl
1717,Oil on can
1717,Pen and bl
1719,Oil on can
1720,Oil on can
1720,Oil on can
1720,Pen and br
1720,Engraving 
1720,Etching
1720,Mezzotint 
1720,Black and 
1720,Mezzotint 
1720,Red chalk 
1720,Mezzotint 
1720,Mezzotint 
1720,Gouache on
1720,Pen and br
1720,Mezzotint 
1720,Mezzotint 
1720,Mezzotint 
1720,Engraving 
1722,Etching an
1723,Porcelain 
1723,Engraving
1723,Engraving 
1724,Etching an
1724,Red chalk 
1724,Etching
1724,Black chal
1725,Etching an
1725,Etching an
1725,Engraving 
1725,Pen and br
1725,Oil on can
1726,Black chal
1726,Oil on can
1726,Etching
1726,Pen and br
1726,Black chal
1727,Black chal
1728,Black chal
1728,Engraving 
1728,Oil on can
1729,Oil on can
1729,Etching
1729,Etching an
1729,Oil on can
1729,Etching an
1729,Pen and bl
1729,Pen and bl
1729,Etching an
1729,Pen and bl
1729,Red chalk 
1730,Black and 
1730,Etching on
1730,Pen and br
1730,Oil on can
1730,Etching on
1730,Oil on can
1730,Etching on
1731,Oil on can
1731,Hand-color
1731,Hand-color
1731,Hand-color
1731,Hand-color
1731,Hand-color
1731,Hand-color
1731,Hand-color
1731,Hand-color
1731,Hand-color
1731,Hand-color
1731,Hand-color
1731,Hand-color
1731,Hand-color
1731,Hand-color
1731,Hand-color
1731,Hand-color
1731,Hand-color
1731,Hand-color
1731,Hand-color
1731,Hand-color
1731,Hand-color
1731,Hand-color
1731,Hand-color
1731,Hand-color
1731,Hand-color
1731,Engraving 
1731,Hand-color
1731,Hand-color
1731,Hand-color
1731,Hand-color
1731,Hand-color
1732,Pen and br
1732,Etching an
1732,Etching
1732,Etching an
1732,Pen and br
1732,Etching an
1732,Etching an
1732,Etching an
1732,Pen and br
1732,Brush and 
1732,Brush and 
1733,Oil on can
1733,Oil on can
1733,Red and wh
1733,Etching an
1733,Oil on can
1733,Pen and br
1734,Pen and br
1734,Pen and br
1734,Oil on can
1735,Etching on
1735,Etching on
1735,Etching on
1735,Etching an
1735,Etching
1735,Etching on
1735,Etching on
1735,Etching
1735,Etching
1735,Etching on
1735,Etching on
1735,Etching
1735,Etching on
1735,Engraving 
1735,Mezzotint 
1735,Etching
1735,Etching
1735,Etching
1735,Etching on
1735,Etching on
1735,Etching on
1735,Etching on
1735,Etching on
1735,Etching on
1735,Etching on
1736,Porcelain 
1736,Porcelain 
1736,Etching wi
1736,Etching wi
1736,Etching an
1736,Etching an
1736,Etching an
1736,Silver
1736,Graphite a
1737,Oil on can
1737,Oil on can
1737,Silver
1737,Black chal
1737,Oil on can
1737,Etching
1737,Oil on can
1738,Etching on
1738,Engraving 
1738,Etching an
1739,Chiaroscur
1739,Chiaroscur
1739,Chiaroscur
1740,Black chal
1740,Oil on can
1740,Etching an
1740,Engraving
1740,Oil on can
1740,Etching
1740,Bronze
1740,Red and wh
1740,Pen and br
1740,Engraving 
1740,Black and 
1740,Etching
1740,Pen and br
1740,Pen and br
1740,Engraving 
1740,Etching
1740,Watercolor
1740,Pen and br
1740,Hand-color
1740,Etching in
1740,Oil on can
1740,1 vol: ill
1740,Oil on can
1740,Red chalk 
1741,Etching an
1741,Etching
1741,Chiaroscur
1741,Engraving 
1741,Engraving 
1741,Engraving 
1742,Oil on can
1742,3 parts in
1742,Chiaroscur
1742,Red chalk 
1742,Engraving 
1742,Engraving 
1742,Chiaroscur
1742,Engraving 
1742,Chiaroscur
1743,Oil on can
1743,Oil on can
1743,Oil on can
1743,Black chal
1743,Hand-color
1743,Chiaroscur
1744,Etching on
1744,Engraving 
1745,Engraving 
1745,Black and 
1745,Etching an
1745,Etching an
1745,Etching an
1745,Black chal
1745,Etching an
1745,Etching an
1745,Etching an
1745,Etching an
1745,Black
1746,Black chal
1746,Etching on
1746,Red chalk 
1746,Black chal
1746,Black chal
1746,Etching an
1747,Etching an
1747,Etching an
1747,Pen and br
1747,Etching an
1747,Etching an
1747,Etching an
1747,Silver
1748,Etching on
1748,Etching on
1748,Etching on
1748,Etching on
1748,Pen and bl
1748,Etching on
1748,Etching on
1748,Black chal
1748,Etching on
1748,Etching on
1748,Pen and bl
1748,Etching on
1748,Etching on
1749,Etching
1749,Etching
1749,Etching
1749,Etching
1749,Etching
1749,Oil on can
1749,Etching
1750,Watercolor
1750,Oil on can
1750,Pen and br
1750,Brown ink 
1750,Etching
1750,Pen and br
1750,Etching
1750,Pen and gr
1750,Pen and bl
1750,Etching
1750,Etching wi
1750,Hand-color
1750,Pen and bl
1750,Pen and br
1750,Etching
1750,Red chalk 
1750,Etching
1750,Black chal
1750,Red and wh
1750,Pen and bl
1750,Pen and bl
1750,Black
1750,Pen and br
1751,Etching an
1751,Etching an
1751,Etching an
1751,Etching an
1751,Silver
1752,Oil on can
1752,Pen and br
1752,Black and 
1752,Mezzotint
1752,Pen and br
1752,Black and 
1752,Chiaroscur
1752,Black chal
1752,Red chalk 
1753,Etching
1753,Etching an
1753,Etching an
1753,Etching [p
1753,Etching wi
1753,Etching
1753,Etching
1753,Etching
1753,Etching
1754,Hand-color
1754,Hand-color
1754,Etching an
1754,Hand-color
1754,Oil on can
1754,Hand-color
1754,Hand-color
1754,Black chal
1754,Etching
1754,Hand-color
1754,Oil on can
1754,Hand-color
1754,Chiaroscur
1754,Hand-color
1755,Oil on can
1755,Oil on can
1755,Mezzotint 
1756,Hand-color
1756,Hand-color
1756,Etching
1756,Hand-color
1756,Hand-color
1756,Pen and gr
1756,Pen and br
1756,Etching
1756,Oil on can
1756,Hand-color
1756,Hand-color
1756,Etching
1756,Oil on can
1756,Hand-color
1756,Hand-color
1757,Etching on
1757,Graphite o
1757,Pressed an
1757,Etching to
1757,Pressed an
1757,Pressed an
1758,Gold
1758,Soft-paste
1758,Etching on
1758,Etching on
1758,Etching
1758,Etching wi
1758,Etching he
1758,Etching he
1758,Etching he
1758,Etching an
1758,Etching an
1758,Etching an
1758,Etching he
1759,Etching on
1759,Hand-color
1759,Hand-color
1759,Etching on
1759,Etching on
1759,Hand-color
1759,Etching on
1759,Etching on
1759,Engraving 
1759,Etching he
1759,Hand-color
1759,Hand-color
1759,Hand-color
1759,Etching he
1760,Gold
1760,Color etch
1760,Etching
1760,Black chal
1760,Pen and in
1760,Oil on can
1760,Etching an
1760,Pen and br
1760,Color etch
1760,Oil on can
1760,Mezzotint
1760,Pen and br
1760,Pen and br
1760,Red chalk 
1760,Pen and gr
1760,Graphite a
1760,Watercolor
1760,Engraving 
1760,Oil on can
1760,Mezzotint 
1760,Pen and bl
1760,Red chalk 
1761,Etching
1761,Steel
1761,Etching an
1761,Transfer t
1761,Oil on can
1761,Etching
1761,Pen and br
1761,Etching on
1761,Etching an
1761,Black chal
1762,Etching an
1762,Etching he
1762,Red chalk 
1762,Etching
1762,Oil on can
1762,Etching an
1762,Mezzotint
1763,Etching on
1763,Etching
1763,Etching an
1763,Etching
1763,Pen and bl
1763,Etching an
1763,Etching on
1763,Etching on
1763,Etching an
1763,Pen and bl
1763,Etching an
1763,Black and 
1763,Engraving 
1763,Etching an
1764,Opaque wat
1764,Chalk mann
1764,Chalk mann
1764,Gray wash 
1764,Black chal
1764,Engraving 
1764,Etching
1764,Oil on can
1764,Etching on
1764,Etching
1764,Etching on
1764,Oil on can
1765,Engraving 
1765,Pen and bl
1765,Engraving
1765,Etching wi
1765,Etching on
1765,Brush and 
1765,Watercolor
1765,Etching
1765,Etching on
1765,Pen and br
1765,Oil on can
1765,Etching an
1765,Etching on
1765,Pen and br
1766,Transfer t
1766,Aquatint a
1767,Transfer t
1767,Etching
1767,Transfer t
1767,Chalk-mann
1767,Chalk-mann
1767,Chalk mann
1767,Etching on
1767,Oil on can
1767,Etching
1767,Transfer t
1767,Chalk mann
1767,Oil on can
1767,Mezzotint
1767,Transfer t
1768,Gold
1768,Etching an
1768,Etching
1768,Pen and bl
1768,Etching an
1768,Oil on can
1768,Pen and br
1768,Roulette
1769,Transfer t
1769,Pastel-man
1769,Etching on
1769,Etching on
1769,Pastel man
1769,Etching on
1769,Chalk mann
1770,Oil on can
1770,Pen and br
1770,Etching on
1770,Etching on
1770,Etching on
1770,Pen and br
1770,Red and bl
1770,Red chalk 
1770,Brown wash
1770,Pen and bl
1770,Black and 
1770,Terracotta
1770,Etching
1770,Etching on
1770,Oil on can
1770,Pen and bl
1770,Etching [c
1770,Etching on
1770,Pen and br
1770,Pen and bl
1770,Engraving 
1770,Mezzotint 
1770,Pen and bl
1770,Etching an
1770,Etching on
1770,Oil on can
1770,Oil on can
1771,Oil on can
1771,Oil on can
1771,Engraving 
1771,Engraving 
1771,Mezzotint 
1771,Chiaroscur
1771,Etching
1771,Crayon-man
1771,Mezzotint 
1771,Mezzotint 
1771,Engraving 
1771,Etching an
1771,Etching on
1771,Etching on
1771,Etching on
1771,Etching on
1771,Graphite a
1771,Etching
1771,Engraving 
1771,Transfer t
1771,Etching an
1771,Engraving 
1771,Transfer t
1771,Chiaroscur
1772,Roulette a
1772,Etching
1772,Mezzotint 
1772,Pen and bl
1773,Oil on can
1773,Gouache
1773,Etching an
1773,Oil on can
1773,Pen and bl
1773,Etching an
1773,Etching an
1773,Pen and br
1773,Transfer t
1774,Etching an
1774,Red chalk 
1774,Etching an
1774,Etching on
1774,Marble
1774,Black chal
1774,Etching on
1774,Etching co
1774,Oil on can
1774,Etching on
1774,Etching an
1774,Color aqua
1775,Etching on
1775,Red and bl
1775,Etching on
1775,Etching co
1775,Black ink 
1775,Counterpro
1775,Black ink 
1775,Graphite
1775,Pen and br
1775,Oil on can
1775,Etching an
1775,Gray wash 
1775,Oil on can
1775,Black ink 
1775,Etching on
1775,Etching an
1775,Etching on
1775,Red chalk 
1775,Oil on can
1775,Etching on
1775,Black chal
1776,Oil on can
1776,Red chalk 
1776,Aquatint o
1776,Engraving 
1776,Etching an
1776,Oil on can
1776,Engraving 
1776,Etching an
1776,Etching an
1776,Etching an
1776,Oil on can
1777,Pastel man
1777,Chalk mann
1777,Engraving 
1777,Etching on
1777,Oil on can
1777,Transfer t
1777,Etching an
1777,Etching an
1777,Transfer t
1777,Etching on
1777,Black
1777,Oil on can
1778,Oil on can
1778,Etching an
1778,Pen and gr
1778,Red chalk 
1778,Etching
1778,Etching
1778,Etching an
1778,Etching
1778,Etching an
1778,Etching [w
1778,Etching an
1778,Etching
1778,Etching
1778,Etching
1778,Graphite
1778,Etching an
1778,Etching
1778,Roulette a
1779,Plaster
1779,Etching an
1779,Transfer t
1779,Etching an
1779,Gouache an
1779,Engraving 
1779,Aquatint a
1779,Mezzotint
1779,Pen and br
1779,Etching
1779,Etching an
1779,Etching an
1779,Color aqua
1779,Etching
1780,Graywacke
1780,Etching
1780,Graphite o
1780,Pen and bl
1780,Pen and br
1780,Etching an
1780,Black chal
1780,Chiaroscur
1780,Etching an
1780,Etching
1780,Gray wash 
1780,Pen and br
1780,Graphite
1780,Aquatint i
1780,Etching
1780,Pen and bl
1780,Black and 
1780,Oil on can
1780,Graphite
1780,Gouache ov
1780,Etching
1780,Etching
1780,Pen and bl
1780,Pen and bl
1780,Pen and in
1780,4-color aq
1780,Etching an
1780,Brush with
1780,Brush with
1780,Black chal
1780,Oil on can
1780,Brush with
1780,Stipple en
1780,Etching
1781,Etching an
1781,Etching on
1781,Chiaroscur
1781,Transfer t
1781,Chiaroscur
1781,Pen and br
1781,Oil on can
1782,Etching
1782,Stipple en
1782,Portfolio 
1782,Transfer t
1782,Etching
1782,Aquatint a
1782,Transfer t
1782,Etching
1782,Aquatint a
1782,Transfer t
1782,Etching
1782,Mezzotint 
1782,Black chal
1782,Chiaroscur
1782,Terracotta
1782,Transfer t
1782,Brush and 
1782,Aquatint a
1782,Aquatint a
1782,4-color aq
1782,Transfer t
1782,Aquatint a
1783,Oil on can
1783,Engraving
1783,Hand-color
1783,Etching an
1783,Engraving 
1783,Oil on can
1783,Pen and gr
1783,Etching
1783,Pen and gr
1784,Etching
1784,Etching
1784,Etching
1784,Etching
1784,Etching
1784,Etching
1784,Etching
1784,Etching
1784,Etching
1784,Etching an
1784,Etching
1784,Engraving
1784,Hand-color
1784,Etching
1784,Etching
1784,Etching an
1784,Etching an
1784,Hand-color
1784,Transfer t
1784,Etching
1784,Oil on can
1784,Etching an
1784,Etching
1785,Oil on can
1785,Gouache on
1785,Etching
1785,Etching
1785,Oil on can
1785,Hand-color
1785,Wash manne
1785,Pen and br
1785,Pen and br
1785,Wash manne
1785,Etching an
1785,Hand-color
1786,Marble
1786,Etching an
1786,Black chal
1786,Oil on can
1786,Etching an
1786,Aquatint a
1786,Pen and bl
1786,Pen and bl
1786,Etching
1786,Hand-color
1786,Engraving 
1786,Marble
1787,Etching an
1787,Mezzotint 
1787,Engraving
1787,Oil on can
1787,Oil on can
1787,Black chal
1787,Etching an
1787,Oil on can
1787,Oil on can
1787,Pen and br
1787,Pen and br
1787,Hand-color
1788,Mezzotint 
1788,Color aqua
1788,Color stip
1789,Color aqua
1789,Color aqua
1789,Etching an
1789,Hand-color
1789,Oil on woo
1789,Hand-color
1789,Stipple an
1789,Etching an
1789,Mezzotint 
1789,Etching an
1789,Etching an
1789,Hand-color
1790,Ink and pi
1790,Stipple en
1790,Etchings a
1790,Oil on can
1790,Etching an
1790,Watercolor
1790,Pastel on 
1790,Etching
1790,Oil on can
1790,Etching wi
1790,Pen and in
1790,Black chal
1790,Watercolor
1790,Pastel on 
1790,Pen and bl
1790,Oil on can
1790,Mezzotint
1790,Watercolor
1790,Watercolor
1791,Etching
1791,Etching
1791,Gray wash 
1791,Hand-color
1791,Etching an
1791,Hand-color
1791,Black chal
1791,Hand-color
1791,Hand-color
1792,Etching on
1792,Etching on
1792,Etching on
1792,Etching on
1792,Aquatint i
1792,Pastel wit
1792,Etching an
1793,Etching on
1793,Etching [u
1793,Relief etc
1793,Oil on can
1793,Etching on
1793,Engraving
1793,Graphite
1793,Etching on
1793,Etching in
1793,Etching on
1793,Etching on
1793,Etching
1793,Etching
1793,Engraving
1793,Etching on
1793,Etching on
1793,Etching on
1793,Etching
1793,Color stip
1794,Relief etc
1794,Etching on
1794,Etching on
1794,Etching on
1794,Etching on
1794,Etching on
1794,Etching on
1794,Color-prin
1794,Etching
1794,Etching an
1794,Etching
1794,Etching on
1794,Etching wi
1794,Etching on
1794,Graphite a
1794,Etching on
1795,Pen and gr
1795,Color stip
1795,Color aqua
1795,Pen and gr
1795,Oil on can
1795,Colored st
1795,Etching on
1795,Etching on
1795,Etching on
1795,Color stip
1795,Etching on
1795,Pen and bl
1795,Gray wash 
1795,Etching on
1795,Etching on
1795,Pen and bl
1795,Color aqua
1796,Etching (2
1796,Brush and 
1796,Engraving 
1796,Etching on
1796,Color stip
1796,Pen and br
1796,Relief etc
1797,Etching on
1797,Watercolor
1797,Mezzotint 
1797,Graphite o
1797,Etching
1797,Pen and br
1798,Engraving 
1798,Etching on
1798,Etching
1798,Oil on can
1798,Engraving 
1799,Etching
1799,Watercolor
1799,Etching re
1799,Etching an
1799,Graphite
1799,Tempera on
1799,Oil on can
1799,Stipple en
1799,Mezzotint 
1799,Etching
1800,Oil on can
1800,Oil on can
1800,Pastel on 
1800,Graphite w
1800,Oil on can
1800,Pen and gr
1800,Brush and 
1800,Pastel on 
1800,Oil on can
1800,Black chal
1800,Etching
1800,Black chal
1800,5 works bo
1800,Pen and br
1800,Mezzotint
1800,Wood engra
1800,Stipple en
1800,Black chal
1800,Black chal
1800,Etching (3
1800,Hand-color
1800,Brush and 
1800,Oil on can
1801,Oil on can
1801,Graphite
1801,Engraving 
1801,Hand-color
1801,Pen and bl
1801,Watercolor
1801,Etching
1802,Engraving 
1802,Pen-and-tu
1802,Pen-and-tu
1802,Mezzotint 
1803,Engraving
1803,Engraving
1803,Pen-and-tu
1803,Engraving
1803,Color aqua
1803,Pen-and-tu
1803,Graphite o
1803,Pen-and-tu
1803,Pen and br
1803,Engraving
1803,Pen-and-tu
1803,Engraving
1803,Pen-and-tu
1803,Engraving
1804,Crayon lit
1804,Graphite
1804,Oil on can
1804,Graphite
1804,Oil on can
1804,Pen-and-tu
1804,1 vol: ill
1804,Pen-and-tu
1804,Stipple en
1804,Hand-color
1805,Pen and in
1805,Engraving 
1805,Graphite o
1805,Etching on
1805,Lithograph
1805,Color mezz
1805,Aquatint a
1806,Oil on can
1806,Oil on can
1806,Hand-color
1807,Pen and bl
1807,Etching
1807,Watercolor
1807,Pen-and-tu
1807,Hand-color
1807,Etching
1807,Etching an
1807,Graphite o
1808,Color etch
1808,Hand-color
1808,Hand-color
1808,Stipple en
1808,Etching an
1808,Oil on woo
1808,Hand-color
1808,Etching
1808,Engraving 
1808,Pen and bl
1808,Chiaroscur
1808,Etching an
1808,Hand-color
1808,Etching an
1808,Hand-color
1808,Pen and bl
1809,Watercolor
1809,Pen and br
1809,Graphite o
1809,Etching an
1809,Pen and in
1809,Engraving
1810,Hand-color
1810,Black and 
1810,Hand-color
1810,Pen and bl
1810,Etching
1810,Etching
1810,Graphite a
1810,Etching
1810,Pen and bl
1810,Oil on can
1810,Pen and bl
1810,Pen and bl
1811,Hand-color
1811,Etching
1811,Lithograph
1811,Hand-color
1811,Oil on can
1811,Hand-color
1811,Pen and gr
1811,Etching an
1811,Etching an
1811,Etching
1812,Oil on can
1812,Hand-color
1812,Etching
1812,Etching
1812,Pen and tu
1812,Etching
1812,Etching an
1812,Etching
1812,Relief etc
1812,Etching an
1812,Etching
1813,Oil on pap
1813,Ink
1813,Graphite a
1813,Etching on
1813,Watercolor
1813,Oil on can
1814,Oil on can
1814,Oil on can
1814,Oil on woo
1814,Black chal
1814,Etching
1814,Pen and bl
1814,Pen and bl
1814,Hand-color
1815,Oil on pan
1815,Pen and gr
1815,Pen and br
1815,Charcoal a
1815,Pen and br
1815,Oil on can
1815,Oil on woo
1815,Etching an
1815,Hand-color
1815,Watercolor
1815,Graphite w
1815,Etching an
1815,Graphite h
1815,Graphite o
1816,Marble
1816,Etching an
1816,Etching
1816,Etching on
1816,Oil on can
1816,Etching
1816,Etching
1816,Etching
1816,Etching
1816,Pen and bl
1816,Brown wash
1816,Etching an
1816,Lithograph
1816,Watercolor
1816,Etching
1816,Etching
1816,Lead
1816,Etching
1816,Etching an
1816,Etching
1816,Etching
1816,Etching
1816,Etching
1816,Etching
1816,Etching an
1816,Etching
1817,Oil on pap
1817,Lithograph
1817,Line and s
1817,Lithograph
1817,Etching
1817,Lithograph
1817,Etching
1817,Etching on
1817,Pen and br
1817,Lithograph
1817,Lithograph
1817,Etching
1818,Oil on can
1818,Lithograph
1818,Etching on
1818,Oil on can
1818,Lithograph
1818,Graphite o
1818,Lithograph
1818,Lithograph
1819,Oil on can
1819,Oil on can
1819,Etching
1819,Watercolor
1819,Graphite a
1819,Etching an
1819,Etching an
1820,Pen and br
1820,Black chal
1820,Brown wash
1820,Ornamental
1820,Graphite a
1820,Hand-color
1820,Oil paint 
1820,Lithograph
1820,Crayon-man
1820,Graphite o
1820,Graphite a
1820,Pen and gr
1820,Pen and bl
1820,Black chal
1820,Black chal
1820,Black chal
1820,Oil on can
1821,Wood engra
1821,Lithograph
1821,Graphite o
1821,Lithograph
1821,Wood engra
1821,Graphite o
1821,Watercolor
1821,Lithograph
1821,Lithograph
1821,Pen and bl
1821,Pen and in
1821,Hand-color
1822,Lithograph
1822,Lithograph
1822,Lithograph
1822,Watercolor
1822,Graphite o
1822,Graphite a
1822,Color lith
1822,Lithograph
1822,Charcoal a
1822,Lithograph
1822,Lithograph
1822,Charcoal a
1822,Etching
1822,Lithograph
1823,Lithograph
1823,Pen and gr
1823,Lithograph
1823,Lithograph
1823,Oil on can
1823,Crayon lit
1823,Etching an
1823,Lithograph
1824,Lithograph
1824,Lithograph
1824,Black chal
1824,Watercolor
1824,Graphite o
1824,Portfolio 
1824,Lithograph
1824,Lithograph
1824,Etching an
1825,Opaque wat
1825,Engraving
1825,Engraving 
1825,Oil on can
1825,Engraving 
1825,Pen and gr
1825,Graphite o
1825,Brush and 
1825,Engraving
1825,Engraving 
1825,Pen and br
1825,Oil on pap
1825,Engraving
1825,Engraving 
1825,Etching on
1825,Engraving
1825,Engraving 
1825,Engraving 
1825,Lithograph
1825,Engraving 
1825,Lithograph
1825,Lithograph
1825,Engraving
1825,Engraving 
1825,Lithograph
1825,Engraving 
1825,Oil on can
1825,Engraving
1825,Watercolor
1826,Oil on pap
1826,Etching on
1826,Oil on can
1826,Lithograph
1826,Graphite w
1826,Lithograph
1826,Pen and br
1826,Lithograph
1826,Lithograph
1826,Pen and br
1826,Etching on
1826,Lithograph
1826,Etching wi
1827,Oil on can
1827,Oil on can
1827,Engraving 
1827,Lithograph
1827,Graphite o
1827,Engraving 
1827,Lithograph
1827,Pen and bl
1827,Pen and br
1827,Lithograph
1827,Graphite a
1827,Engraving 
1828,Etching
1828,Pen and re
1828,Pen and br
1828,Oil on pap
1828,Graphite o
1828,Graphite o
1828,Pen and br
1828,Graphite o
1828,Lithograph
1828,Oil on pap
1829,Lithograph
1829,Lithograph
1829,Lithograph
1829,Lithograph
1829,Hand-color
1829,Lithograph
1829,Hand-color
1829,Lithograph
1829,Lithograph
1829,Lithograph
1829,Graphite o
1829,Hand-color
1829,Lithograph
1829,Mezzotint 
1829,Mezzotint 
1829,Lithograph
1829,Lithograph
1829,Lithograph
1829,Lithograph
1829,Lithograph
1829,Lithograph
1829,Lithograph
1829,Lithograph
1829,Lithograph
1829,Lithograph
1829,Lithograph
1829,Lithograph
1829,Lithograph
1830,Oil on can
1830,Oil on can
1830,Mezzotint 
1830,Mezzotint 
1830,Oil on can
1830,Mezzotint 
1830,Lithograph
1830,Mezzotint 
1830,Mezzotint 
1830,Etching on
1830,Graphite w
1830,Lithograph
1830,Lithograph
1830,Lithograph
1830,Watercolor
1830,Black chal
1830,Etching on
1830,Mezzotint 
1830,Mezzotint 
1830,Watercolor
1830,Hand-color
1830,Oil on pap
1830,Lithograph
1830,Pen and bl
1830,Watercolor
1830,Oil on pap
1830,Mezzotint 
1830,Mezzotint 
1830,Pencil and
1830,Watercolor
1830,Etching on
1830,Mezzotint 
1830,Black chal
1830,Oil on pap
1830,Hand-color
1831,Mezzotint 
1831,Complete s
1831,Oil on woo
1831,Mezzotint 
1831,Pencil and
1831,Lithograph
1831,Pen and bl
1831,Hand-color
1831,Lithograph
1831,Color aqua
1831,Wood engra
1831,Graphite o
1831,Hand-color
1831,Lithograph
1831,Hand-color
1831,Oil on can
1831,Mezzotint 
1832,Etching
1832,Lithograph
1832,Lithograph
1832,Graphite w
1832,Mezzotint 
1832,Bronze
1832,Pen and br
1832,Bronze
1832,Bronze
1832,Oil on can
1832,Hand-color
1833,Etching
1833,Etching on
1833,Lithograph
1833,Oil on can
1833,Etching
1833,Lithograph
1833,Etching
1833,Etching
1833,Pen and ir
1833,Lithograph
1833,Lithograph
1834,Oil on can
1834,Oil on can
1834,Bronze
1834,Etching an
1834,Lithograph
1834,Lithograph
1834,Lithograph
1834,Etching on
1834,Lithograph
1834,Lithograph
1834,Lithograph
1834,Lithograph
1834,Lithograph
1834,Lithograph
1834,Lithograph
1834,Lithograph
1834,Lithograph
1835,Lithograph
1835,Lithograph
1835,Lithograph
1835,Lithograph
1835,Hand-color
1835,Oil on pap
1835,Oil on can
1835,Lithograph
1835,Lithograph
1835,Lithograph
1836,Lithograph
1836,Oil on can
1836,Hand-color
1836,Hand-color
1836,Lithograph
1836,Lithograph
1836,Lithograph
1836,Lithograph
1836,Lithograph
1836,Hand-color
1836,Hand-color
1836,Hand-color
1836,Hand-color
1836,Hand-color
1836,Hand-color
1836,Lithograph
1836,Plaster
1837,Brush and 
1837,Hand-color
1837,Oil on can
1837,Watercolor
1837,Stipple en
1838,Etching on
1838,Lithograph
1838,Lithograph
1838,Etching on
1838,Watercolor
1838,Etching on
1838,Lithograph
1838,Etching on
1838,Drawing on
1838,Lithograph
1838,Pen and br
1838,Lithograph
1838,Etching on
1838,Etching on
1838,Etching on
1838,Oil on can
1838,Lithograph
1838,Oil on can
1839,Oil on can
1839,Oil on can
1839,Crayon lit
1839,Lithograph
1839,Crayon lit
1839,Watercolor
1839,Lithograph
1839,Crayon lit
1839,Etching on
1839,Crayon lit
1839,Lithograph
1839,Crayon lit
1839,Color lith
1839,Oil on can
1839,Crayon lit
1839,Lithograph
1839,Lithograph
1839,Color lith
1839,Lithograph
1839,Pen and br
1839,Crayon lit
1839,Pen and br
1839,Lithograph
1839,Crayon lit
1839,Lithograph
1839,Lithograph
1840,Cyanotype
1840,Salted pap
1840,Lithograph
1840,Black cray
1840,Oil on can
1840,Etching
1840,Watercolor
1840,Lithograph
1840,Etching on
1840,Oil on can
1840,Etching
1840,Oil on can
1840,Lithograph
1840,Oil on can
1840,Oil on can
1840,Lithograph
1840,Graphite
1840,Complete s
1840,Oil on can
1840,Etching wi
1840,Etching wi
1840,Etching
1840,Etching
1840,Etching an
1840,Etching wi
1840,Etching on
1840,Black chal
1840,Etching wi
1841,Watercolor
1841,Black chal
1841,Lithograph
1841,Lithograph
1841,Watercolor
1841,Lithograph
1841,Bronze
1841,Graphite a
1841,Etching on
1841,Lithograph
1841,Lithograph
1841,Lithograph
1841,Lithograph
1841,Lithograph
1841,Lithograph
1841,Lithograph
1842,Lithograph
1842,Lithograph
1842,Lithograph
1842,Lithograph
1842,Lithograph
1842,Lithograph
1842,Charcoal a
1842,Oil on can
1842,Watercolor
1842,Lithograph
1842,Lithograph
1842,Lithograph
1842,Watercolor
1842,Graphite w
1843,Bronze wit
1843,Lithograph
1843,Salted pap
1843,Salted pap
1843,Lithograph
1843,Oil on can
1843,Lithograph
1843,Lithograph
1843,Bronze
1844,Calotype
1844,Oil on can
1844,Lithograph
1844,Lithograph
1844,Lithograph
1844,Stone engr
1844,Lithograph
1844,Lithograph
1844,Lithograph
1844,Lithograph
1844,Lithograph
1844,Lithograph
1844,Lithograph
1844,Pen and in
1844,Lithograph
1844,Lithograph
1844,Lithograph
1844,Lithograph
1844,Lithograph
1844,Salted pap
1844,Lithograph
1845,Oil on can
1845,Oil on can
1845,Oil on can
1845,Oil on can
1845,Oil paint 
1845,Lithograph
1845,Lithograph
1845,Etching
1845,Etching
1845,Oil on can
1845,Paper nega
1845,Lithograph
1845,Lithograph
1845,Salted pap
1845,Lithograph
1845,Lithograph
1845,Lithograph
1845,Watercolor
1845,Etching
1845,Lithograph
1845,Lithograph
1845,Etching on
1845,Etching on
1845,Lithograph
1845,Lithograph
1845,Lithograph
1845,Salted pap
1845,Lithograph
1845,Engraving 
1845,Lithograph
1845,Etching on
1845,Lithograph
1845,Etching on
1845,Lithograph
1845,Lithograph
1845,Lithograph
1845,Etching
1846,Lithograph
1846,Lithograph
1846,Lithograph
1846,Lithograph
1846,Lithograph
1846,Lithograph
1846,Lithograph
1846,Lithograph
1846,Lithograph
1846,Lithograph
1846,Graphite a
1846,Lithograph
1846,Lithograph
1846,Hand-color
1846,Lithograph
1846,Lithograph
1847,Drypoint o
1847,Lithograph
1847,Lithograph
1847,Lithograph
1847,Oil on can
1847,Lithograph
1847,Lithograph
1847,Lithograph
1847,Lithograph
1847,Lithograph
1847,Lithograph
1847,Lithograph
1847,Lithograph
1847,Lithograph
1847,Lithograph
1847,Lithograph
1847,Lithograph
1847,Lithograph
1847,Lithograph
1847,Sepia and 
1847,Lithograph
1847,Lithograph
1847,Graphite a
1847,Lithograph
1847,Lithograph
1847,Lithograph
1847,Lithograph
1847,Lithograph
1847,Oil on can
1847,Lithograph
1847,Lithograph
1847,Lithograph
1847,Lithograph
1847,Lithograph
1848,Bronze
1848,Oil on fab
1848,Etching
1848,Lithograph
1848,Lithograph
1848,Lithograph
1848,Pastel and
1848,Oil on can
1848,Lithograph
1848,Lithograph
1848,Lithograph
1848,Graphite w
1848,Lithograph
1848,Lithograph
1848,Lithograph
1848,Drypoint o
1849,Oil on can
1849,Lithograph
1849,Lithograph
1849,Pen and br
1849,Lithograph
1849,Wood engra
1849,Lithograph
1849,Lithograph
1849,Lithograph
1849,Lithograph
1849,Lithograph
1849,Lithograph
1849,Lithograph
1849,Lithograph
1849,Lithograph
1849,Lithograph
1849,Lithograph
1849,Lithograph
1849,Lithograph
1849,Lithograph
1849,Lithograph
1849,Bronze
1849,Lithograph
1849,Etching on
1849,Lithograph
1849,Etching on
1849,Oil on can
1849,Lithograph
1849,Lithograph
1849,Wood engra
1849,Lithograph
1849,Lithograph
1849,Wood engra
1849,Lithograph
1849,Typeset pr
1849,Brush and 
1850,Graphite o
1850,Albumen pr
1850,Lithograph
1850,Graphite o
1850,Etching
1850,Lithograph
1850,Oil on can
1850,Lithograph
1850,Hand-color
1850,Lithograph
1850,Lithograph
1850,Albumen pr
1850,Etching
1850,Etching on
1850,Graphite h
1850,Lithograph
1850,Lithograph
1850,Hand-color
1850,Albumen pr
1850,Oil on can
1850,Gouache an
1850,Etching
1850,Salted pap
1850,Albumen pr
1850,Albumen pr
1850,Lithograph
1850,Daguerreot
1850,Etching an
1850,Lithograph
1850,Lithograph
1850,Salted pap
1850,Cyanotype
1850,Oil on can
1851,Bronze and
1851,Oil on can
1851,Lithograph
1851,Etching an
1851,Lithograph
1851,Black chal
1851,Soft-groun
1851,Lithograph
1851,Salted pap
1851,Lithograph
1852,Etching
1852,Oil on can
1852,Lithograph
1852,Lithograph
1852,Lithograph
1852,Lithograph
1852,Etching on
1852,Lithograph
1852,Lithograph
1852,Silver pri
1852,Etching on
1852,Salted pap
1852,Salted pap
1852,Lithograph
1852,Salted pap
1852,Lithograph
1852,Etching on
1852,Etching
1852,Lithograph
1853,Etching
1853,Lithograph
1853,Salted pap
1853,Salted pap
1853,Cliche-ver
1853,Etching on
1853,Cliche-ver
1853,Bronze
1853,Oil on can
1853,Etching on
1853,Salted pap
1853,Cliche-ver
1853,Graphite h
1854,Oil on can
1854,Etching on
1854,Etching in
1854,Etching in
1854,Etching
1854,Lithograph
1854,Etching
1854,Albumen pr
1854,Lithograph
1854,Oil on can
1854,Graphite o
1854,Oil on can
1854,Graphite o
1854,Lithograph
1854,Lithograph
1854,Cliche-ver
1854,Albumen pr
1854,Cliche-ver
1854,Etching on
1854,Hand-color
1854,Salted pap
1855,Salted pap
1855,Salted pap
1855,Salted pap
1855,Lithograph
1855,Etching on
1855,Cliche-ver
1855,Lithograph
1855,Salted pap
1855,Oil on can
1855,Lithograph
1855,Salted pap
1855,Black chal
1855,Salted pap
1855,Salted pap
1855,Pen and br
1855,Ambrotype
1855,Graphite o
1856,Hand-color
1856,Albumen pr
1856,Albumen pr
1856,Oil on pan
1856,Oil on can
1856,Etching in
1856,Albumen pr
1856,Lithograph
1856,Nature pri
1856,Pen and br
1856,Wood engra
1856,Charcoal h
1856,Nature pri
1856,Albumen pr
1856,Etching
1856,Etching on
1856,Oil on aca
1856,Graphite
1857,Oil on can
1857,Oil on on 
1857,Oil on can
1857,Etching
1857,Etching
1857,Paper nega
1857,Albumen pr
1857,Albumen pr
1857,Etching on
1857,Albumen pr
1857,Photogravu
1857,Graphite o
1858,Oil on pan
1858,Watercolor
1858,Watercolor
1858,Graphite
1858,Pen and bl
1858,Etching
1858,Etching
1858,Cliche-ver
1858,Cliche-ver
1858,Black chal
1858,Oil on can
1858,Cliche-ver
1858,Oil on can
1858,Salted pap
1858,Etching an
1858,Etching in
1858,Albumen pr
1858,Etching an
1858,Etching
1858,Pen and br
1858,Graphite a
1858,Etching an
1858,Etching
1858,Graphite
1858,Oil on pap
1858,Etching
1858,Lithograph
1858,Watercolor
1858,Etching
1859,Etching
1859,Cliche-ver
1859,Etching
1859,Lithograph
1859,Albumen pr
1859,Etching
1859,Wood engra
1859,Drypoint i
1859,Albumen pr
1859,Paper nega
1859,Graphite o
1859,Etching
1859,Etching
1859,Pen and br
1859,Etching
1859,Albumen pr
1859,Etching
1859,Etching an
1859,Etching
1859,Lithograph
1859,Drypoint
1859,Etching on
1859,Pen and br
1859,Oil on can
1859,Etching
1859,Watercolor
1859,Graphite o
1859,Drypoint
1859,Graphite o
1859,Etching
1859,Albumen pr
1859,Etching an
1860,Black chal
1860,Graphite w
1860,Oil on can
1860,Etching
1860,Pen and br
1860,Oil on can
1860,Graphite o
1860,Pen and br
1860,Watercolor
1860,Albumen pr
1860,Pen and bl
1860,Etching
1860,Etching
1860,Etching wi
1860,Cliche-ver
1860,Etching
1860,Etching
1860,Salted pap
1860,Etching
1860,Albumen pr
1860,Albumen pr
1860,Etching to
1860,Albumen pr
1860,Graphite w
1860,Etching an
1860,Graphite a
1860,Albumen pr
1860,Watercolor
1860,Albumen pr
1860,Cliche-ver
1860,Oil on can
1860,Albumen pr
1860,Etching wi
1861,Complete s
1861,Etching
1861,Etching on
1861,Etching
1861,Etching
1861,Etching on
1861,Etching
1861,Etching an
1861,Oil on car
1861,Oil on car
1861,Etching
1861,Oil on car
1861,Complete p
1861,Etching on
1861,Etching on
1861,Etching
1861,Etching on
1861,Oil on can
1861,Lithograph
1861,Etching on
1861,Albumen pr
1861,Etching on
1861,Etching on
1861,Graphite o
1861,Etching on
1861,Lithograph
1861,Graphite o
1861,Pen and bl
1861,Etching on
1862,Oil on can
1862,Oil on pan
1862,Graphite o
1862,Etching
1862,Graphite o
1862,Albumen pr
1862,Graphite a
1862,Lithograph
1862,Etching an
1862,Etching
1862,Lithograph
1862,Graphite o
1862,Wood engra
1862,Albumen pr
1862,Graphite o
1862,Etching
1862,Lithograph
1862,Watercolor
1862,Etching
1862,Lithograph
1862,Oil on woo
1862,Wood engra
1862,Etching an
1862,Oil on can
1862,Albumen pr
1862,Watercolor
1862,Etching on
1862,Wood engra
1862,Graphite o
1862,Etching
1862,Wood engra
1862,Etching
1862,Etching an
1863,Oil on can
1863,Oil on can
1863,Oil on can
1863,Etching
1863,Etching
1863,Etching an
1863,Wood engra
1863,Etching an
1863,Etching
1863,Albumen pr
1863,Gouache an
1863,Marble
1863,Etching in
1863,Etching
1863,Etching wi
1863,Oil on woo
1863,Wood engra
1863,Etching wi
1863,Etching an
1863,Oil on can
1863,Etching
1863,Brown and 
1863,Etching
1863,Wood engra
1863,Albumen pr
1863,Etching
1863,Albumen pr
1863,Etching in
1864,Oil on can
1864,Oil on can
1864,Albumen pr
1864,Oil on can
1864,Albumen pr
1864,Albumen pr
1864,Oil on can
1864,Etching wi
1864,Etching
1864,Pen and br
1864,Etching wi
1864,Wood engra
1864,Lithograph
1864,Lithograph
1864,Albumen pr
1864,Etching
1864,Lithograph
1864,Wood engra
1864,Albumen pr
1864,Etching an
1864,Graphite o
1864,Wood engra
1864,Albumen pr
1864,Watercolor
1865,Albumen pr
1865,Oil on can
1865,Oil on can
1865,Black cray
1865,Albumen pr
1865,Watercolor
1865,Etching on
1865,Albumen pr
1865,Etching wi
1865,Graphite o
1865,Albumen pr
1865,Watercolor
1865,Oil on can
1865,Etching on
1865,Watercolor
1865,Graphite o
1865,Graphite o
1865,Etching an
1865,Watercolor
1865,Etching an
1865,Gelatin si
1865,Oil on woo
1865,Watercolor
1865,Watercolor
1865,Etching an
1866,Oil on can
1866,Oil on can
1866,Papier-m√¢c
1866,Lithograph
1866,Lithograph
1866,Lithograph
1866,Lithograph
1866,Etching an
1866,Lithograph
1866,Etching on
1866,Albumen pr
1866,Lithograph
1866,Carbon pri
1866,Etching
1866,Lithograph
1866,Etching
1866,Cliche-ver
1866,Oil on lin
1867,Albumen pr
1867,Oil on can
1867,Oil on can
1867,Oil on can
1867,Lithograph
1867,Lithograph
1867,Oil on can
1867,Albumen pr
1867,Lithograph
1867,Lithograph
1867,Lithograph
1867,Albumen pr
1868,Oil on can
1868,Oil on woo
1868,Etching on
1868,Wood engra
1868,Etching
1868,Wood engra
1868,Wood engra
1868,Albumen pr
1868,Etching
1868,Etching on
1868,Lithograph
1868,Lithograph
1868,Wood engra
1868,Graphite o
1868,Pen and br
1868,Etching wi
1868,Etching on
1868,Pen and br
1868,Etching in
1868,Lithograph
1869,Pen and br
1869,Wood engra
1869,Lithograph
1869,Wood engra
1869,Albumen pr
1869,Lithograph
1869,Black chal
1869,Wood engra
1869,Pen and br
1869,Watercolor
1869,Lithograph
1869,Lithograph
1869,Lithograph
1869,Transfer l
1869,Etching
1869,Etching on
1869,Albumen pr
1870,Oil on can
1870,Oil on can
1870,Albumen pr
1870,Silver pri
1870,Albumen pr
1870,Oil on can
1870,Albumen pr
1870,Salted pap
1870,Gillotype 
1870,Black and 
1870,Pen and ir
1870,Etching
1870,Pen and bl
1870,Wood engra
1870,Woodcut on
1870,Pastel and
1870,Albumen pr
1870,Gillotype 
1870,Oil on can
1870,Wood engra
1870,Gillotype 
1870,Albumen pr
1870,Gillotype 
1870,Oil on can
1870,Albumen pr
1870,Oil on can
1871,Oil on car
1871,Oil on can
1871,Oil on can
1871,Watercolor
1871,Marble
1871,Cliche-ver
1871,Oil on can
1871,Gillotype 
1871,Cliche-ver
1871,Chalk and 
1871,Gillotype 
1871,Gillotype 
1871,Lithograph
1871,Lithograph
1871,Gillotype 
1871,Lithograph
1871,Gillotype 
1871,Graphite w
1871,Cliche-ver
1871,Etching
1871,Cliche-ver
1871,Albumen pr
1871,Gillotype 
1871,Cliche-ver
1871,Black chal
1871,Etching on
1871,Lithograph
1871,Cliche-ver
1871,Albumen pr
1871,Lithograph
1871,Gillotype 
1872,Oil on can
1872,Oil on can
1872,Oil on pap
1872,Oil on can
1872,Oil on can
1872,Oil on can
1872,Oil on can
1872,Gillotype 
1872,Oil on can
1872,Oil on can
1872,Oil on can
1872,Terracotta
1872,Albumen pr
1872,Oil on can
1872,Albumen pr
1872,Gillotype 
1872,Graphite o
1872,Watercolor
1872,Lithograph
1872,Albumen pr
1872,Lithograph
1873,Oil on can
1873,Oil on can
1873,Oil on can
1873,Oil on can
1873,Etching an
1873,Charcoal
1873,Etching an
1873,Drypoint
1873,Etching
1873,Etching on
1873,Black cray
1873,Etching an
1873,Wood engra
1873,Lithograph
1873,Albumen pr
1873,Wood engra
1873,Albumen pr
1873,Etching in
1873,Oil on woo
1873,Drypoint
1873,Drypoint
1873,Etching
1873,Graphite a
1873,Etching
1873,Etching
1873,Graphite o
1873,Oil on can
1873,Wood engra
1873,Wood engra
1873,Drypoint
1873,Graphite w
1874,Oil on pan
1874,Oil on can
1874,Graphite o
1874,Oil on can
1874,Cliche-ver
1874,Graphite w
1874,7-color li
1874,7-color li
1874,Wood engra
1874,Cliche-ver
1874,Etching
1874,Etching on
1874,Brown pen 
1874,Wood engra
1874,Wood engra
1875,Oil on can
1875,Oil on can
1875,Oil on can
1875,Albumen pr
1875,Graphite w
1875,Drypoint
1875,Pen and in
1875,Etching an
1875,Etching an
1875,Etching
1875,Etching on
1875,Oil on can
1875,Charcoal o
1875,Etching
1875,Etching
1875,Drypoint o
1875,Etching
1875,Hand-color
1875,Drypoint (
1875,Oil on can
1875,Etching
1875,Etching
1875,Drypoint i
1875,Etching an
1875,Watercolor
1875,Etching an
1875,Etching wi
1875,Lithograph
1875,Etching
1875,Etching
1876,Oil on can
1876,Oil on can
1876,Oil on can
1876,Drypoint
1876,Graphite w
1876,Oil on can
1876,Oil on can
1876,Etching
1876,Graphite
1876,Etching
1876,Etching
1876,Etching
1876,Etching an
1877,Oil on can
1877,Oil on Can
1877,Oil on can
1877,Graphite o
1877,Graphite
1877,Etching
1877,Etching
1877,Etching
1877,Graphite o
1877,Woodburyty
1877,Graphite o
1877,Drypoint
1877,Etching
1877,Oil on woo
1877,Albumen pr
1877,Etching
1878,Bronze
1878,Oil on can
1878,Layered an
1878,Etching on
1878,Etching
1878,Etching
1878,Watercolor
1878,Lithotint
1878,Oil on can
1878,Red wax an
1878,Graphite o
1878,Oil on can
1878,Bronze
1878,Drypoint a
1878,Lithotint
1878,Etching in
1878,Watercolor
1878,Etching
1878,Lithotint
1878,Etching in
1878,Etching
1878,Etching in
1878,Graphite o
1878,Graphite a
1878,Oil on can
1878,Monotype (
1878,Etching
1878,Watercolor
1878,Lithotint
1879,Etching
1879,Oil on can
1879,Oil on can
1879,Oil on lin
1879,Oil on can
1879,Etching
1879,Etching
1879,Lithograph
1879,Etching
1879,Etching
1879,Etching an
1879,Etching
1879,Pen and br
1879,Etching
1879,Etching
1879,Graphite o
1879,Etching
1879,Graphite h
1879,Black chal
1879,Etching wi
1879,Etching
1879,Etching
1879,Bronze
1879,Etching an
1879,Etching
1879,Etching in
1879,Graphite o
1879,Red chalk 
1879,Etching
1879,Etching in
1879,Etching
1879,Etching
1879,Carbon and
1879,Etching
1879,Lithograph
1879,Etching
1879,Etching
1879,Etching
1879,Etching in
1880,Bronze
1880,Oil on can
1880,Oil on can
1880,Carved ivo
1880,Etching an
1880,Gillotype 
1880,Etching an
1880,Etching
1880,Graphite o
1880,Etching
1880,Drypoint o
1880,Platinum p
1880,Etching
1880,Etching an
1880,Etching
1880,Drypoint o
1880,Drypoint a
1880,Etching an
1880,Etching
1880,Black and 
1880,Etching
1880,Etching an
1880,Charcoal
1880,Etching an
1880,Etching an
1880,Yellow bro
1880,Graphite o
1880,Etching an
1880,Etching an
1880,Pen and br
1880,Watercolor
1880,Etching
1880,Etching an
1880,Charcoal a
1880,Etching
1880,Etching an
1880,Etching
1880,Drypoint w
1880,Etching in
1880,Wood engra
1880,Graphite
1880,Watercolor
1880,Graphite o
1880,Etching an
1880,Dark green
1880,Oil on can
1880,Watercolor
1880,Etching
1880,Oil on can
1880,Graphite
1880,Oil on can
1880,Etching in
1880,Pen and bl
1880,Etching? a
1880,Etching in
1880,Etching an
1880,Monotype o
1880,Pen and br
1880,Etching an
1880,Etching
1880,Etching an
1880,Charcoal
1880,Watercolor
1881,Bronze
1881,Bronze
1881,Oil on can
1881,Oil on pan
1881,Oil on woo
1881,Etching on
1881,Etching
1881,Oil on can
1881,Etching an
1881,Bound volu
1881,Graphite
1882,Bronze
1882,Oil on can
1882,Color lith
1882,Graphite
1882,Black chal
1882,Graphite o
1882,Watercolor
1882,Carbon pri
1882,Oil on can
1882,Wood engra
1882,Drypoint o
1882,Etching on
1882,Oil on woo
1882,Wood engra
1882,Etching wi
1882,Etching an
1882,Pastel on 
1882,Wood engra
1882,Graphite o
1883,Oil on can
1883,Etching
1883,Etching
1883,Lithograph
1883,Wood engra
1883,Oil on can
1883,Graphite
1883,Wood engra
1883,Lithograph
1883,Graphite w
1883,Graphite o
1883,Etching
1883,Etching in
1883,Watercolor
1883,Soft-groun
1883,Graphite
1883,Graphite o
1883,Etching an
1883,Etching
1883,Etching
1883,Lithograph
1883,Wood engra
1883,Wood engra
1883,Etching in
1883,Wood engra
1883,Wood engra
1883,Lithograph
1883,Wood engra
1884,Oil on can
1884,Bronze
1884,Pastel
1884,Crayon on 
1884,Drypoint
1884,Graphite o
1884,Albumen pr
1884,Graphite a
1884,Crayon
1884,Graphite o
1884,Charcoal o
1884,Pen and br
1884,Crayon on 
1884,Etching an
1884,Graphite o
1884,Graphite a
1884,Graphite a
1884,Etching an
1884,Etching on
1884,Crayon on 
1884,Etching
1884,Crayon on 
1884,Etching
1884,Crayon on 
1884,Drypoint
1884,Etching
1884,Page of no
1884,Crayon on 
1884,Charcoal o
1884,Pen and br
1884,Etching
1884,Graphite a
1885,Bronze
1885,Oil on can
1885,Watercolor
1885,Yellow bro
1885,Oil on can
1885,Greenish-b
1885,Charcoal a
1885,Pen and bl
1885,Carbon pri
1885,Color etch
1885,Etching
1885,Etching an
1885,Oil on bed
1885,Marble
1885,Etching
1885,Platinum p
1885,Etching
1885,Wood engra
1885,Etching
1885,Etching on
1885,Oil on can
1885,Greenish-b
1885,Graphite o
1885,Etching an
1885,Pastel on 
1885,Watercolor
1885,Etching wi
1885,Watercolor
1886,Plaster
1886,Bronze
1886,Bronze
1886,Oil on can
1886,Oil on can
1886,Oil on can
1886,Wood engra
1886,Etching an
1886,Etching in
1886,Etching
1886,Heliogravu
1886,Etching an
1886,Bronze
1886,Etching in
1886,Graphite o
1886,Etching
1886,Etching
1886,Etching
1886,Heliogravu
1886,Etching
1886,Etching
1886,Charcoal a
1886,Graphite o
1886,Pen and bl
1886,Etching an
1886,Lithograph
1886,Etching on
1886,Etching
1886,Etching
1886,Etching in
1886,Etching
1886,Etching
1886,Drypoint
1886,Etching
1887,Bronze
1887,Etching an
1887,Drypoint
1887,Etching
1887,Hand-color
1887,Etching in
1887,Oil on can
1887,Etching
1887,Graphite o
1887,Heliogravu
1887,Collotype
1887,Graphite o
1887,Graphite o
1887,Etching on
1887,Etching wi
1887,Etching an
1887,Etching
1887,Collotype
1887,Etching
1887,Oil on lin
1887,Graphite o
1887,Etching an
1887,Collotype
1887,Etching
1887,Etching
1887,Oil on can
1887,Watercolor
1887,Etching an
1887,Etching on
1887,Etching
1887,Pen and br
1888,Oil on can
1888,Oil on can
1888,Oil on can
1888,Oil on can
1888,Oil on can
1888,Drypoint [
1888,Watercolor
1888,Etching
1888,Lithograph
1888,Etching
1888,Etching an
1888,Etching an
1888,Wood engra
1888,Etching an
1888,Drypoint [
1888,Wood engra
1888,Pen and br
1888,Drypoint [
1888,Wood engra
1888,Reed pen a
1888,Etching an
1888,Oil on can
1888,Graphite o
1888,Lithograph
1888,Etching
1888,Drypoint [
1888,Bronze
1888,Drypoint [
1888,Graphite o
1888,Etching
1888,Etching
1888,Graphite a
1888,Drypoint [
1888,Graphite o
1888,Etching
1888,Oil on can
1888,Etching
1888,Etching an
1888,Photogravu
1889,Oil on can
1889,Oil on can
1889,Oil on can
1889,Oil on can
1889,Oil on can
1889,Oil on can
1889,Oil on can
1889,Drypoint
1889,Inkless em
1889,Etching an
1889,Etching an
1889,Lithograph
1889,Lithograph
1889,Etching
1889,Lithograph
1889,Etching an
1889,Soft-groun
1889,Lithograph
1889,Watercolor
1889,Oil on can
1889,Graphite o
1889,Etching on
1889,Lithograph
1889,Etching on
1889,Etching an
1889,Etching
1889,Lithograph
1890,Copper all
1890,Oil on can
1890,Oil on can
1890,Oil on can
1890,Oil on can
1890,Oil on can
1890,Watercolor
1890,Etching an
1890,Pen and bl
1890,Pen and bl
1890,Lithograph
1890,Lithograph
1890,Graphite h
1890,Watercolor
1890,Color dryp
1890,Pen and br
1890,Graphite o
1890,Graphite
1890,Photo-reli
1890,Lithograph
1890,Oil on can
1890,Pen and br
1890,Brush and 
1890,Graphite o
1890,Oil on can
1890,Lithograph
1890,Drypoint
1890,Drypoint a
1890,Graphite o
1890,Colored pe
1890,Gouache
1890,Lithograph
1890,Wood engra
1890,Pen and bl
1890,Graphite a
1890,Watercolor
1890,Graphite o
1890,Brown wax 
1890,Wood engra
1890,Lithograph
1890,Black cont
1890,Aquatint
1890,Watercolor
1890,Graphite a
1890,Drypoint
1890,Graphite h
1890,Oil on can
1890,Gouache
1890,Graphite o
1890,Graphite a
1890,Dark green
1890,Black cont
1890,Color dryp
1890,Monotype
1890,Black cray
1890,Pen and bl
1890,Etching an
1890,Etching on
1890,Watercolor
1890,Etching
1890,Wood engra
1890,Gouache
1890,Graphite o
1890,Gouache an
1890,Graphite o
1890,Gouache an
1890,Drypoint a
1890,Watercolor
1890,Black cont
1890,Wood engra
1890,Pen and bl
1890,Watercolor
1890,Pen and bl
1890,Pen and br
1890,Wood engra
1890,Color dryp
1890,Pen and bl
1890,Aquatint a
1890,Graphite o
1890,Gouache an
1890,Pen and bl
1890,Cyanotype
1890,Pen and bl
1890,Pen and bl
1890,Red chalk 
1890,Pen and bl
1890,Pen and bl
1890,Oil on can
1890,Photogravu
1890,Oil on can
1890,Wood engra
1890,Pen and bl
1890,Watercolor
1890,Drypoint a
1890,Oil and gr
1890,Watercolor
1890,Drypoint a
1890,Pen and bl
1890,Etching an
1890,Brown wate
1890,Color dryp
1891,Oil on car
1891,Lithograph
1891,Drypoint
1891,Drypoint
1891,Etching
1891,Etching
1891,4-color li
1891,Etching an
1891,Red chalk 
1891,Black cray
1891,Etching an
1891,Graphite o
1891,Etching re
1891,Lithograph
1891,Lithograph
1891,Photogravu
1891,Drypoint a
1891,Drypoint a
1891,Etching an
1891,Lithograph
1891,Soft-groun
1891,Oil on can
1891,Lithograph
1891,Color dryp
1891,Black chal
1891,Etching
1891,4-color li
1891,Cyanotype
1891,Drypoint
1891,Drypoint a
1891,Lithograph
1891,Pen and bl
1891,Embossing 
1891,Lithograph
1891,Lithograph
1891,Graphite a
1891,Drypoint
1891,Lithograph
1891,Bronze
1892,Oil on car
1892,Oil on can
1892,Color lith
1892,Lithograph
1892,Lithograph
1892,Etching wi
1892,Graphite
1892,Lithograph
1892,Watercolor
1892,Oil √† l'es
1892,Watercolor
1892,Transfer l
1892,Lithograph
1892,6-color li
1892,Lithograph
1892,Lithograph
1892,Graphite o
1892,Lithograph
1892,Watercolor
1892,Lithograph
1892,6-color li
1892,Bronze
1893,Oil on can
1893,Oil on can
1893,Lithograph
1893,Watercolor
1893,Lithograph
1893,Woodcut in
1893,Etching
1893,Color lith
1893,Lithograph
1893,Lithograph
1893,Lithograph
1893,Lithograph
1893,Lithograph
1893,Color lith
1893,Lithograph
1893,Graphite o
1893,Watercolor
1893,Etching pr
1893,Lithograph
1893,Lithograph
1893,Watercolor
1893,Lithograph
1893,Watercolor
1893,Lithograph
1893,Lithograph
1893,Lithograph
1893,Lithograph
1893,Lithograph
1893,6-color li
1893,Lithograph
1893,Etching
1893,Woodcut
1893,Watercolor
1893,Lithograph
1893,Lithograph
1893,Watercolor
1893,Watercolor
1893,Lithograph
1893,Lithograph
1893,Lithograph
1893,Drypoint o
1893,Watercolor
1893,Lithograph
1893,Lithograph
1893,Lithograph
1893,Woodcut in
1893,Lithograph
1893,Etching
1893,Lithograph
1893,Lithograph
1893,5-color li
1893,Lithograph
1893,Silver
1893,Drypoint
1893,Lithograph
1893,Watercolor
1893,Lithograph
1893,Lithograph
1893,Watercolor
1893,Lithograph
1893,Lithograph
1894,Oil on car
1894,Lithograph
1894,Color lith
1894,Lithograph
1894,Woodcut pr
1894,Lithograph
1894,Brush
1894,Lithograph
1894,Drypoint (
1894,Lithograph
1894,Collotype 
1894,Bronze
1894,Lithograph
1894,Lithograph
1894,Lithograph
1894,Lithograph
1894,Color lith
1894,Woodcut pr
1894,Lithograph
1894,5-color li
1894,Lithograph
1894,Woodcut pr
1894,Woodcut in
1894,Drypoint
1894,Lithograph
1894,Lithograph
1894,Lithograph
1894,Woodcut bl
1894,Color dryp
1894,Lithograph
1894,Woodcut pr
1894,Etching an
1894,Woodcut pr
1894,Woodcut pr
1894,Woodcut pr
1894,Lithograph
1894,Lithograph
1894,Etching
1894,Drypoint a
1894,Lithograph
1894,Color wood
1894,Woodcut
1894,Lithograph
1894,Woodcut on
1894,Lithograph
1894,Woodcut pr
1894,Black pen 
1894,Lithograph
1894,Drypoint a
1894,Lithograph
1894,Woodcut in
1894,Drypoint o
1894,Lithograph
1894,Lithograph
1894,Etching in
1894,Lithograph
1894,Lithograph
1894,Color lith
1894,Graphite o
1894,Lithograph
1894,Etching in
1894,Lithograph
1894,Lithograph
1894,Woodcut pr
1894,Woodcut pr
1895,Oil on can
1895,Lithograph
1895,Lithograph
1895,Photomecha
1895,Lithograph
1895,6-color ph
1895,Lithograph
1895,Color lith
1895,Lithograph
1895,Lithograph
1895,Lithograph
1895,Lithograph
1895,Graphite o
1895,Lithograph
1895,Lithograph
1895,Woodcut on
1895,Lithograph
1895,Graphite o
1895,Photomecha
1895,Lithograph
1895,Woodcut on
1895,Lithograph
1895,Oil on car
1895,Lithograph
1895,Lithograph
1895,Lithograph
1895,Woodcut in
1895,Lithograph
1895,Lithograph
1895,Woodcut on
1895,Lithograph
1895,Lithograph
1895,Lithograph
1895,Lithograph
1895,Oil on can
1895,Woodcut in
1895,Lithograph
1895,Lithograph
1895,Woodcut on
1895,Lithograph
1895,Lithograph
1895,Lithograph
1895,Lithograph
1895,Lithograph
1895,Lithograph
1895,Woodcut bl
1895,Photomecha
1895,Woodcut on
1895,Lithograph
1895,Lithograph
1895,Lithograph
1896,Chalk lith
1896,5-color li
1896,Color lith
1896,Lithograph
1896,Watercolor
1896,Etching
1896,Graphite
1896,Graphite
1896,Color lith
1896,Lithograph
1896,Graphite
1896,Pen and in
1896,Lithograph
1896,Color lith
1896,Lithograph
1896,Lithograph
1896,Oil on can
1896,Graphite
1896,Etching
1896,Lithograph
1896,Wood engra
1896,Lithograph
1896,Lithograph
1896,Lithograph
1896,Lithograph
1896,Color lith
1896,Photogravu
1896,Lithograph
1896,Lithograph
1896,Lithograph
1896,Color lith
1896,Lithograph
1896,Color lith
1896,Lithograph
1896,Lithograph
1896,Lithograph
1896,Lithograph
1896,Lithograph
1896,Lithograph
1896,Photo-reli
1896,Lithograph
1896,Color lith
1896,Black chal
1896,Color lith
1896,Lithograph
1896,Lithograph
1896,Lithograph
1896,Lithograph
1896,Lithograph
1896,Lithograph
1896,Lithograph
1896,Graphite o
1896,Graphite
1896,Lithograph
1896,Charcoal a
1896,Lithograph
1896,Lithograph
1896,Lithograph
1896,Lithograph
1896,Lithograph
1896,4-color li
1897,Bronze
1897,Oil on can
1897,Color lith
1897,Color lith
1897,Lithograph
1897,Lithograph
1897,Color lith
1897,Lithograph
1897,Pen and bl
1897,Collotype 
1897,Wood engra
1897,Graphite o
1897,Brush and 
1897,Graphite o
1897,Color lith
1897,Etching
1897,Color lith
1897,Drypoint o
1897,Color lith
1897,Gypsograph
1897,Lithograph
1897,Lithograph
1898,Oil on can
1898,Color lith
1898,Lithograph
1898,Lithograph
1898,Graphite
1898,Lithograph
1898,Lithograph
1898,Lithograph
1898,Graphite o
1898,Etching an
1898,Lithograph
1898,Color lith
1898,Photorelie
1898,Lithograph
1898,Lithograph
1898,Watercolor
1898,Lithograph
1898,Drypoint
1898,Etching
1898,Chiaroscur
1898,Oil on can
1898,Colored li
1898,Drypoint
1898,Lithograph
1898,Oil on can
1898,Charcoal a
1898,Lithograph
1898,Drypoint
1898,Color lith
1898,Drypoint
1899,Oil on can
1899,Oil on can
1899,3-color li
1899,Traced mon
1899,Photochrom
1899,Lithograph
1899,Photogravu
1899,6-color li
1899,Lithograph
1899,Etching in
1899,Color lith
1899,Lithograph
1899,Traced mon
1899,Color lith
1899,Photogravu
1899,Lithograph
1899,5-color li
1899,Lithograph
1899,Photogravu
1899,Photogravu
1899,Lithograph
1899,Wood engra
1899,Lithograph
1899,Photogravu
1899,Photogravu
1900,Montana sa
1900,Platinum p
1900,Photochrom
1900,Wood engra
1900,Etching in
1900,Etching in
1900,Lithograph
1900,Etching in
1900,Watercolor
1900,Etching in
1900,Etching in
1900,Colored ch
1900,Watercolor
1900,Etching in
1900,Photochrom
1900,Etching an
1900,Etching
1900,Platinum p
1900,Graphite a
1900,Etching an
1900,Etching wi
1900,Oil on can
1900,Watercolor
1900,Etching in
1900,Watercolor
1900,Photogravu
1900,Lithograph
1900,Watercolor
1900,Etching in
1900,Etching in
1900,Charcoal o
1900,Lithograph
1900,Etching in
1900,Etching in
1900,Photogravu
1900,Platinum p
1900,Etching in
1901,Gold
1901,Wood engra
1901,Wood engra
1901,Black and 
1901,Color wood
1901,Etching
1901,Etching
1901,Drypoint w
1901,Photogravu
1901,Oil on can
1901,Brush and 
1901,Photogravu
1901,Graphite
1901,Albumen pr
1901,Etching
1901,Etching
1902,Bronze and
1902,Oil on can
1902,Wood engra
1902,Oil on can
1902,Drypoint
1902,Lithograph
1902,Painted mi
1902,Oil on can
1902,Pencil and
1902,Oil on can
1902,Drypoint
1902,Periodical
1902,Traced mon
1903,Gold
1903,Etching
1903,Etching
1903,Etching on
1903,Etching
1903,Transfer l
1903,Watercolor
1903,Black cray
1903,Lithograph
1903,Etching
1903,Drypoint
1903,Lithograph
1903,Etching
1903,Etching in
1903,Etching
1904,Porcelain 
1904,Woven silk
1904,Etching
1904,Etching
1904,Etching (z
1904,Etching
1904,Etching
1904,Halftone o
1904,Lithograph
1904,Etching an
1904,Etching
1904,Oil on can
1904,Woodcut [a
1904,Metalpoint
1905,Lithograph
1905,Transfer l
1905,Etching
1905,Etching an
1905,Albumen pr
1905,Drypoint i
1905,Etching
1905,Oil on can
1905,Etching in
1905,Pen and in
1905,Lithograph
1905,Pastel on 
1905,Photogravu
1905,Pastel on 
1905,Oil on can
1905,Etching
1906,Etching
1906,Graphite o
1906,Etching
1906,Oil on can
1906,Color etch
1906,Etching
1906,Wood engra
1906,Pen and bl
1906,Etching
1906,Gypsograph
1906,Pen and bl
1907,Oil and go
1907,Oil on can
1907,Etching
1907,Matte albu
1907,Etching
1907,Etching
1907,Brush and 
1907,Charcoal a
1907,Etching
1907,Black chal
1907,Oil on can
1907,Cont√© cray
1907,Etching an
1907,Lithograph
1908,Woodcut on
1908,Graphite o
1908,Soft-groun
1908,Drypoint i
1908,Oil on can
1908,Lithograph
1908,Bronze
1908,Black and 
1909,Drypoint
1909,Black chal
1909,Lithograph
1909,Graphite
1909,Etching
1909,Oil on can
1909,Photogravu
1909,Photogravu
1909,Drypoint
1909,Oil on can
1909,Oil on can
1909,Black cray
1909,Color etch
1909,Drypoint i
1909,Lithograph
1909,Etching
1909,Drypoint
1910,Etching
1910,Brush and 
1910,Limestone
1910,Lithograph
1910,Charcoal a
1910,Lithograph
1910,Lithograph
1910,Etching
1910,Drypoint
1910,Pastel and
1910,Etching
1910,Lithograph
1910,Etching
1910,Oil on can
1910,Drypoint
1910,Color etch
1910,Drypoint
1910,Monotype o
1910,Oil on can
1910,Lithograph
1910,Etching
1911,Watercolor
1911,Etching (c
1911,Etching
1911,Etching
1911,Etching
1911,Etching
1911,Oil on can
1911,Etching
1911,Lithograph
1911,Etching in
1911,Brush with
1912,Color soft
1912,Glue on pa
1912,Oil on can
1912,Brush and 
1912,Etching
1912,Woodcut
1912,Black cray
1912,Etching
1912,Drypoint i
1912,Woodcut
1912,Etching
1912,Woodcut
1912,Drypoint i
1912,Woodcut
1912,Pen and bl
1912,Drypoint i
1912,Drypoint i
1912,Pen and br
1912,Etching
1912,Drypoint
1912,Etching on
1912,Etching
1912,Lithograph
1913,Plaster
1913,Lithograph
1913,Oil on can
1913,Drypoint
1913,Etching in
1913,Etching in
1913,Watercolor
1913,Lithograph
1913,Woodcut
1913,Drypoint i
1913,Drypoint [
1913,Etching
1913,Etching in
1913,Woodcut in
1913,Etching in
1914,Black cray
1914,Brush and 
1914,Black cray
1914,Black cray
1914,Black cray
1914,Black cray
1914,Etching in
1914,Drypoint
1914,Brush and 
1914,Brush and 
1914,Brush and 
1914,Black cray
1914,Watercolor
1914,Pen and br
1914,Black cray
1914,Halftone o
1914,Brush and 
1914,Marble
1914,Brush and 
1914,Brush and 
1914,Black cray
1914,Halftone o
1914,Brush and 
1914,Brush and 
1914,Black cray
1914,Black cray
1914,Brush and 
1914,Brush and 
1914,Brush with
1914,Brush with
1914,Black cray
1914,Halftone o
1914,Drypoint i
1914,Brush and 
1914,Lithograph
1914,Brush and 
1914,Brush and 
1914,Etching
1914,Oil on can
1914,Lithograph
1914,Halftone o
1914,Pastel and
1914,Pen and bl
1914,Etching
1914,Black cray
1914,Brush and 
1914,Black cray
1914,Black cray
1914,Halftone o
1914,Drypoint i
1914,Black cray
1914,Halftone o
1914,Drypoint i
1915,Pigmented 
1915,Oil on can
1915,Halftone p
1915,Color wood
1915,Etching an
1915,Etching an
1915,Oil on can
1915,Gouache ov
1915,Color wood
1915,Drypoint i
1915,Lithograph
1915,Drypoint i
1915,Etching
1915,Etching
1915,Etching
1915,Drypoint i
1915,Etching (a
1915,Etching
1916,Oil on can
1916,Drypoint
1916,Linocut in
1916,Pen and br
1916,Oil on can
1916,Drypoint i
1916,Drypoint i
1916,Drypoint i
1916,Drypoint i
1916,Lithograph
1916,Lithograph
1916,Drypoint i
1916,Etching an
1916,Drypoint
1916,Lithograph
1916,Woodcut in
1916,Lithograph
1916,Drypoint i
1916,Drypoint
1916,Etching
1916,Oil on can
1916,Drypoint i
1916,Etching
1916,Drypoint
1916,Woodcut in
1917,Etching an
1917,Drypoint i
1917,Drypoint i
1917,Etching
1917,Drypoint i
1917,Woodcut
1917,Drypoint i
1917,Drypoint i
1917,Oil on can
1917,Etching an
1917,Etching an
1917,Oil on can
1917,Oil on can
1918,Oil on fab
1918,Drypoint i
1918,Black cray
1918,Black cray
1918,Charcoal a
1918,Black cray
1918,Black cray
1918,Drypoint i
1918,Black and 
1918,Lithograph
1918,Drypoint i
1918,Drypoint i
1918,Black cray
1918,Wood engra
1918,Brush and 
1918,Brush and 
1919,Etching an
1919,Brush and 
1919,Brush and 
1919,Color wood
1919,Etching
1919,Etching
1919,Drypoint i
1919,Lithograph
1919,Etching in
1919,Woodcut
1919,Oil on woo
1919,Drypoint
1919,Drypoint i
1919,Drypoint i
1919,Black cray
1919,Woodcut
1919,Softground
1919,Brush and 
1919,Black
1919,Brush and 
1919,Etching an
1919,Brush and 
1919,Drypoint i
1919,Drypoint a
1919,Drypoint i
1919,Drypoint i
1919,Softground
1919,Woodcut
1919,Black cray
1920,Oil on can
1920,Drypoint i
1920,Lithograph
1920,Lithograph
1920,Drypoint i
1920,Lithograph
1920,Etching
1920,Lithograph
1920,Drypoint i
1920,Lithograph
1920,Black and 
1920,Woodcut
1920,Lithograph
1920,Wood engra
1920,Graphite a
1920,Woodcut
1920,Lithograph
1920,Etching in
1920,Lithograph
1920,Oil on can
1920,Lithograph
2350,Limestone
2500,Marble
